city_id,city_name,state,country,lat,lon,temperature,humidity,cloudiness,wind_speed,weather_condition,weather_condition_desc
3598804,Chajul,,GT,15.48528,-91.034172,65.39,94.0,96.0,2.19,Rain,moderate rain
6172733,Upsala,,CA,49.050121,-90.466881,77.0,70.0,100.0,5.99,Clouds,overcast clouds
3972702,General Enrique Estrada,,MX,23.0,-102.741669,68.0,64.0,75.0,11.41,Clouds,broken clouds
5901684,Birchy Bay,,CA,49.34993,-54.73143,75.2,50.0,75.0,11.41,Clouds,broken clouds
2641922,Mytholmroyd,,GB,53.730652,-1.98258,53.98,99.0,100.0,3.0,Clouds,overcast clouds
8013702,Valpaços,,PT,41.607189,-7.29548,71.01,10.0,13.0,10.47,Clouds,few clouds
6139445,Salmon Cove,,CA,47.783192,-53.164768,64.99,100.0,92.0,19.33,Clouds,overcast clouds
4351037,Charlestown,MD,US,39.268162,-76.705254,75.2,73.0,75.0,8.05,Rain,light rain
6614794,Cazalis,,FR,43.616669,-0.6666700000000001,69.66,56.0,12.0,3.0,Clouds,few clouds
4135349,Warren,AR,US,33.612610000000004,-92.064583,86.0,45.0,1.0,6.93,Clear,clear sky
6617270,Vieux-Pont,,FR,48.650398,-0.1441,62.6,77.0,81.0,5.82,Rain,light rain
4099679,Arkansas County,AR,US,34.316769,-91.400124,84.7,42.0,1.0,4.7,Clear,clear sky
3315332,Hartstown,,IE,53.393059,-6.42694,59.7,93.0,75.0,6.93,Rain,light rain
2522117,Alcolea del Río,,ES,37.615059,-5.66694,84.0,39.0,0.0,11.01,Clear,clear sky
3315145,Ballylow,,IE,53.153889,-6.40972,59.67,93.0,75.0,6.93,Rain,light rain
2520696,Buzanada,,ES,28.068541,-16.65514,77.0,65.0,75.0,8.05,Clouds,broken clouds
5244080,Appleton,WI,US,44.261929,-88.415382,81.64,32.0,40.0,6.93,Clouds,scattered clouds
3314270,Ballyadam,,IE,53.03611,-6.89139,62.11,87.0,100.0,5.01,Rain,light rain
4190396,Cumming,GA,US,34.207321,-84.14019,74.35,74.0,42.0,6.02,Clouds,scattered clouds
2985787,Poullaouen,,FR,48.333328,-3.65,60.8,82.0,84.0,13.87,Rain,light rain
3594703,La Esperanza,,GT,14.86667,-91.566673,60.01,86.0,78.0,3.0,Rain,moderate rain
3122740,Estollo,,ES,42.329529,-2.8509200000000003,68.14,46.0,40.0,3.36,Clouds,scattered clouds
6435541,Précorbin,,FR,49.083328,-0.9500000000000001,64.8,77.0,73.0,5.82,Rain,light rain
4920452,Fowler,IN,US,40.616699,-87.320847,84.72,26.0,0.0,3.0,Clear,clear sky
5526145,Memphis,TX,US,34.724781,-100.534012,84.2,48.0,1.0,17.22,Clear,clear sky
3515343,Tlayacapan,,MX,18.933331,-98.98333,75.2,64.0,40.0,4.79,Clouds,scattered clouds
5005128,Paw Paw Lake,MI,US,42.212261,-86.271973,80.98,39.0,1.0,3.36,Clear,clear sky
3667023,Titiribí,,CO,6.06276,-75.793701,71.49,54.0,75.0,2.24,Clouds,broken clouds
6944109,Cabano,,CA,47.680649,-68.878098,88.95,40.0,1.0,6.93,Clear,clear sky
5036210,Madison,MN,US,45.009682,-96.195877,72.72,83.0,75.0,9.17,Clouds,broken clouds
3006313,La Tardière,,FR,46.660961,-0.73143,65.32,72.0,75.0,11.41,Clouds,broken clouds
3106843,Valdeolmos,,ES,40.637081,-3.45064,83.44,23.0,20.0,9.17,Clouds,few clouds
3104206,Zuriáin,,ES,42.880348,-1.5661100000000001,69.03,56.0,40.0,13.87,Clouds,scattered clouds
2515755,La Mojonera,,ES,37.292332,-2.4373,75.4,52.0,55.0,5.99,Rain,light rain
3033707,Bellefontaine,,FR,48.687489,-0.97457,65.41,77.0,98.0,5.82,Rain,light rain
6358528,Santo Tomé,,ES,38.018131,-2.99694,80.01,45.0,2.0,12.41,Clear,clear sky
5800227,Lake Forest Park,WA,US,47.75676,-122.28096,62.01,72.0,42.0,3.0,Clouds,scattered clouds
4481308,Murphy,NC,US,35.087582,-84.03463,70.39,73.0,75.0,5.82,Clouds,broken clouds
2640551,Payhembury,,GB,50.80674,-3.29518,58.41,93.0,75.0,6.93,Rain,heavy intensity rain
2269449,Caxias,,PT,38.70314,-9.27666,68.65,52.0,20.0,20.8,Clouds,few clouds
4287450,Central City,KY,US,37.29393,-87.123329,81.01,54.0,40.0,6.93,Clouds,scattered clouds
3589822,San Luis Jilotepeque,,GT,14.65,-89.73333,82.4,69.0,20.0,2.24,Clouds,few clouds
4935330,East Bridgewater,MA,US,42.033428,-70.959213,82.26,57.0,1.0,8.05,Clear,clear sky
6450421,Baleix,,FR,43.383331,-0.13333,67.1,64.0,75.0,9.17,Clouds,broken clouds
3104919,Villarmayor,,ES,41.015141,-5.97151,75.67,29.0,42.0,9.17,Clouds,scattered clouds
3105971,Vigo,,ES,43.5639,-6.62824,62.69,77.0,75.0,5.82,Clouds,broken clouds
6358541,Villacarrillo,,ES,38.090561,-3.02669,85.32,21.0,3.0,11.7,Clear,clear sky
6362141,Barcial de la Loma,,ES,41.954128,-5.27993,72.75,31.0,12.0,10.29,Clouds,few clouds
4316497,Bernice,LA,US,32.82209,-92.657928,82.89,48.0,75.0,5.82,Clouds,broken clouds
4157537,Gretna,FL,US,30.61714,-84.659912,83.75,51.0,40.0,3.36,Clouds,scattered clouds
6358162,Bergara,,ES,43.122009,-2.41484,62.98,80.0,35.0,7.0,Clouds,scattered clouds
5075148,Pierce,NE,US,42.199169,-97.526718,73.69,65.0,75.0,6.93,Clouds,broken clouds
4132625,Stuttgart,AR,US,34.50037,-91.552628,86.0,42.0,1.0,4.7,Clear,clear sky
2986766,Pleugueneuc,,FR,48.39735,-1.90301,59.0,93.0,99.0,4.7,Rain,moderate rain
5059052,Ellendale,ND,US,46.00275,-98.527046,61.74,77.0,20.0,10.29,Clouds,few clouds
6145064,Shamattawa,,CA,55.853329,-92.086517,39.31,90.0,100.0,18.48,Rain,moderate rain
4707196,Llano County,TX,US,30.70018,-98.666977,85.21,58.0,20.0,11.41,Clouds,few clouds
5408406,Westminster,CA,US,33.759178,-118.006729,62.96,72.0,90.0,8.39,Clouds,overcast clouds
4262968,Petersburg,IN,US,38.491989,-87.278618,83.86,42.0,1.0,6.93,Clear,clear sky
6697291,Casa Moñino,,ES,38.279442,-0.9726300000000001,76.96,69.0,5.0,10.0,Clear,clear sky
3583457,San Miguel de Mercedes,,SV,14.01667,-88.933327,81.32,74.0,40.0,5.82,Clouds,scattered clouds
3570749,Faubourg Schoelcher,,MQ,14.48333,-60.900002,81.48,78.0,75.0,16.11,Rain,moderate rain
4514429,Holiday Valley,OH,US,39.856171,-83.968536,75.09,64.0,90.0,9.75,Rain,light rain
5207745,Reamstown,PA,US,40.211479,-76.123283,71.62,78.0,75.0,10.29,Clouds,broken clouds
3646191,Catia,,VE,10.51169,-66.95237,78.48,75.0,62.0,11.41,Rain,moderate rain
6355609,Velefique,,ES,37.198681,-2.39703,75.47,73.0,50.0,6.93,Rain,light rain
3130186,Amayuelas de Arriba,,ES,42.211079,-4.4888,72.93,36.0,7.0,3.0,Clear,clear sky
4280531,Towanda,KS,US,37.79752,-96.999763,86.16,48.0,1.0,23.04,Clear,clear sky
5106520,Wood-Ridge,NJ,US,40.845661,-74.087921,75.22,73.0,90.0,6.93,Clouds,overcast clouds
6362845,Malón,,ES,41.953388,-1.6663100000000002,77.0,29.0,28.0,8.05,Clouds,scattered clouds
3374249,Sal Municipality,,CV,16.75,-22.91667,82.4,65.0,0.0,23.04,Haze,haze
6362160,Camporredondo,,ES,41.469521,-4.51396,73.69,31.0,52.0,10.29,Clouds,broken clouds
5391811,San Diego,CA,US,32.715328,-117.157257,65.08,63.0,90.0,6.93,Clouds,overcast clouds
3631247,Ortiz,,VE,9.62168,-67.290466,79.99,88.0,83.0,7.11,Rain,moderate rain
3035638,Arrondissement d'Avranches,,FR,48.666672,-1.16667,64.0,93.0,98.0,4.7,Rain,light rain
5147924,Botkins,OH,US,40.467831,-84.180496,78.04,47.0,40.0,9.17,Clouds,scattered clouds
4987304,Buena Vista,MI,US,43.4203,-83.898582,81.18,39.0,1.0,3.36,Clear,clear sky
2989022,Ouillon,,FR,43.316669,-0.23333,67.14,64.0,75.0,9.17,Clouds,broken clouds
5088262,Keene,NH,US,42.933689,-72.278137,82.98,42.0,1.0,4.7,Clear,clear sky
6295666,Kangilinnguit,,GL,61.22995,-48.09,38.77,82.0,100.0,3.87,Snow,light snow
3106669,Vallanca,,ES,40.066669,-1.3333300000000001,73.4,53.0,58.0,12.75,Clouds,broken clouds
5051640,Waconia,MN,US,44.8508,-93.786911,75.24,75.0,100.0,5.01,Rain,light rain
6362079,Riba-roja de Túria,,ES,39.507130000000004,-0.5579700000000001,74.34,73.0,75.0,13.87,Clouds,broken clouds
7190872,Baileys Mobile Home Park,FL,US,30.2568,-81.8731,86.02,43.0,1.0,4.7,Clear,clear sky
5208292,Ridgway,PA,US,41.420341,-78.728638,72.59,73.0,90.0,9.17,Clouds,overcast clouds
4275684,Montgomery County,KS,US,37.200069,-95.733589,84.96,55.0,1.0,17.22,Clear,clear sky
2999236,Le Temple-de-Bretagne,,FR,47.32737,-1.78904,65.91,68.0,75.0,11.41,Clouds,broken clouds
5784572,West Mountain,UT,US,40.060791,-111.788269,59.86,47.0,1.0,5.82,Clear,clear sky
2521554,Arroyo de la Miel,,ES,36.60326,-4.54242,75.24,78.0,20.0,11.41,Clouds,few clouds
2516697,Hinojos,,ES,37.291729,-6.37872,82.99,36.0,0.0,7.0,Clear,clear sky
3120529,Huerta del Marquesado,,ES,40.150002,-1.6833300000000002,71.76,53.0,29.0,12.75,Clouds,scattered clouds
2960992,Waterford,,IE,52.258331,-7.11194,61.39,93.0,75.0,3.36,Rain,moderate rain
3301879,Rochestown,,IE,52.284168,-6.7644400000000005,60.93,93.0,40.0,5.82,Haze,haze
6360810,Escalona del Prado,,ES,41.16526,-4.11486,78.06,22.0,40.0,4.7,Clouds,scattered clouds
4859329,Grimes,IA,US,41.68832,-93.791061,82.17,72.0,81.0,12.86,Clouds,broken clouds
3031389,Boucau,,FR,43.527699,-1.46556,66.45,63.0,40.0,8.05,Clouds,scattered clouds
3037584,Angresse,,FR,43.658089,-1.37191,67.41,56.0,4.0,6.93,Clear,clear sky
4682762,Commerce,TX,US,33.247059,-95.899971,88.47,40.0,1.0,10.29,Clear,clear sky
4579855,Glassy,SC,US,35.123169,-82.313171,73.96,78.0,80.0,4.0,Rain,light rain
4483745,Oxford,NC,US,36.310699,-78.590828,73.08,64.0,40.0,8.05,Clouds,scattered clouds
2986615,Pluherlin,,FR,47.69632,-2.36349,64.71,63.0,93.0,12.75,Rain,light rain
4681758,Clarksville,TX,US,33.610661,-95.052719,85.89,48.0,1.0,11.41,Clear,clear sky
5949493,Espanola,,CA,46.258369,-81.766487,77.95,30.0,0.0,6.53,Clear,clear sky
5994519,Kuujjuarapik,,CA,55.2836,-77.749496,41.0,93.0,90.0,6.93,Mist,mist
3007174,La Pouëze,,FR,47.55357,-0.8092800000000001,67.41,63.0,66.0,13.87,Clouds,broken clouds
4168563,Pine Ridge,FL,US,28.938311,-82.473427,87.4,52.0,1.0,5.82,Clear,clear sky
8010991,Lijó,,PT,41.57029,-8.6106,68.54,72.0,20.0,13.87,Clouds,few clouds
5014567,West Ishpeming,MI,US,46.483551,-87.700974,83.98,45.0,0.0,1.01,Clear,clear sky
6098354,Parham,,CA,44.65012,-76.71611,84.7,43.0,0.0,1.01,Clear,clear sky
6448392,Ayguemorte-les-Graves,,FR,44.710201,-0.4807,70.39,56.0,75.0,12.75,Clouds,broken clouds
5173962,Tiltonsville,OH,US,40.16674,-80.699799,75.22,64.0,90.0,10.29,Clouds,overcast clouds
2265169,Parede,,PT,38.692822,-9.35412,68.38,52.0,20.0,20.8,Clouds,few clouds
4005370,Guadalupe y Calvo,,MX,26.1,-106.966667,79.66,30.0,94.0,3.27,Clouds,overcast clouds
4921083,Hamilton,IN,US,41.533661,-84.912743,79.63,47.0,1.0,6.93,Clear,clear sky
3612813,Dulce Nombre,,HN,14.85,-88.833328,75.83,77.0,88.0,2.73,Rain,light rain
4125388,Paragould,AR,US,36.058399,-90.49733,83.89,54.0,20.0,8.05,Clouds,few clouds
2635281,Tyldesley,,GB,53.513931,-2.46754,55.99,94.0,100.0,8.77,Rain,moderate rain
4013052,Concepción,,MX,32.533329,-117.116669,65.48,77.0,75.0,6.93,Clouds,broken clouds
6435543,Quettehou,,FR,49.599998,-1.3,63.27,67.0,40.0,11.41,Clouds,scattered clouds
5908443,Brent,,CA,46.033421,-78.482857,83.66,31.0,0.0,4.74,Clear,clear sky
5203164,New Cumberland,PA,US,40.232311,-76.884697,73.85,73.0,90.0,6.93,Clouds,overcast clouds
6357513,Quintanar del Rey,,ES,39.338188,-1.93892,82.0,23.0,4.0,5.99,Clear,clear sky
4945497,North Amherst,MA,US,42.41037,-72.530922,83.17,48.0,40.0,3.0,Clouds,scattered clouds
4867477,Mills County,IA,US,41.033329,-95.616951,82.72,65.0,75.0,10.29,Clouds,broken clouds
3106771,Valdesotos,,ES,40.95546,-3.3254200000000003,81.0,29.0,77.0,5.82,Clouds,broken clouds
4103448,Bryant,AR,US,34.595928,-92.489052,83.48,42.0,1.0,6.93,Clear,clear sky
6362272,San Pelayo,,ES,41.689308,-5.02581,73.65,31.0,51.0,10.29,Clouds,broken clouds
4877655,Storm Lake,IA,US,42.64109,-95.209717,78.85,65.0,1.0,11.41,Clear,clear sky
4459467,Cary,NC,US,35.791538,-78.78112,73.29,64.0,90.0,12.75,Clouds,overcast clouds
6356744,Carcaboso,,ES,40.044159,-6.20982,80.71,34.0,9.0,1.99,Clear,clear sky
4362173,Mechanicsville,MD,US,38.442902,-76.743851,78.12,61.0,75.0,4.7,Clouds,broken clouds
3105253,Villanueva de Gumiel,,ES,41.737782,-3.62658,68.0,40.0,40.0,5.82,Clouds,scattered clouds
4174503,Sunshine Ranches,FL,US,26.045919,-80.328941,87.93,70.0,40.0,4.7,Rain,light rain
5108707,Bellmore,NY,US,40.668709,-73.527069,75.25,78.0,90.0,5.82,Clouds,overcast clouds
3532278,Benito Juárez,,MX,19.83333,-97.75,68.45,61.0,1.0,6.58,Clear,clear sky
2571909,Bouarouss,,MA,34.360001,-4.8100000000000005,75.2,53.0,75.0,16.11,Clouds,broken clouds
3127593,Brullés,,ES,42.566029,-3.92343,68.0,40.0,40.0,5.82,Clouds,scattered clouds
3579232,Beauséjour,,GP,16.303511,-61.074059,89.6,59.0,75.0,18.34,Clouds,broken clouds
3592362,Morales,,GT,15.48333,-88.816673,80.6,88.0,75.0,1.52,Clouds,broken clouds
8131442,Municipio Baruta,,VE,10.43346,-66.875412,78.53,67.0,61.0,3.0,Rain,moderate rain
4805404,Fairmont,WV,US,39.485081,-80.142578,71.62,78.0,82.0,6.76,Rain,moderate rain
5336457,China Lake Acres,CA,US,35.640511,-117.763962,83.73,10.0,1.0,2.62,Clear,clear sky
3112096,Regueras de Arriba,,ES,42.29414,-5.85958,65.05,32.0,72.0,9.17,Clouds,broken clouds
4839636,North Branford,CT,US,41.327599,-72.767319,77.07,73.0,40.0,3.36,Clouds,scattered clouds
3815405,San Antonio Teacalco,,MX,19.24028,-98.306938,66.2,59.0,5.0,1.1,Clear,clear sky
4574835,City View,SC,US,34.861511,-82.431511,74.57,64.0,90.0,10.29,Clouds,overcast clouds
3574659,Debe,,TT,10.2,-61.450001,87.01,71.0,74.0,8.52,Rain,moderate rain
2519944,Casas de Guijarro,,ES,39.349998,-2.16667,82.02,23.0,0.0,5.99,Clear,clear sky
6357835,Arbeteta,,ES,40.682919,-2.40067,70.38,36.0,57.0,8.93,Clouds,broken clouds
5084505,Cheshire County,NH,US,42.933411,-72.266197,83.46,42.0,1.0,4.7,Clear,clear sky
6147967,Simcoe Beach,,CA,44.30011,-79.549629,76.86,82.0,0.0,1.63,Clear,clear sky
4181936,Belvedere Park,GA,US,33.754829,-84.267418,76.84,64.0,1.0,4.7,Clear,clear sky
3109005,Siero,,ES,43.383331,-5.66667,63.19,62.0,56.0,5.26,Clouds,broken clouds
3119793,Ladrillar,,ES,40.465759,-6.22427,77.4,34.0,85.0,5.99,Clouds,overcast clouds
2375989,Tiris Zemmour,,MR,24.0,-9.0,102.96,15.0,0.0,17.94,Clear,clear sky
3516843,Santo Domingo Tehuantepec,,MX,16.33333,-95.23333,94.68,40.0,100.0,7.76,Clouds,overcast clouds
2640376,Peopleton,,GB,52.153381,-2.09131,58.05,95.0,100.0,1.99,Clouds,overcast clouds
5262596,Menasha,WI,US,44.202209,-88.446503,81.64,32.0,40.0,6.93,Clouds,scattered clouds
3588257,Departamento de Totonicapán,,GT,15.0,-91.333328,60.01,86.0,80.0,3.0,Rain,moderate rain
4559761,Morrisville,PA,US,39.894798,-80.161728,75.45,73.0,90.0,5.82,Clouds,overcast clouds
5144948,Woodbury,NY,US,41.36454,-74.10598,80.33,65.0,20.0,6.93,Clouds,few clouds
7296006,Filton,,GB,51.511299,-2.5739,58.44,100.0,100.0,4.7,Rain,moderate rain
4178003,Weston,FL,US,26.10037,-80.399773,88.77,56.0,18.0,5.99,Rain,light rain
3518403,Xaltocan,,MX,19.41667,-98.199997,66.2,59.0,5.0,1.63,Clear,clear sky
6325251,Santa Kurutz,,ES,43.176842,-2.29767,63.99,80.0,26.0,7.0,Clouds,scattered clouds
3807898,Ex-Colonia Móvil del Dorado,,VE,6.71,-61.619445999999996,89.87,57.0,81.0,1.39,Rain,light rain
2521909,Almassora,,ES,39.950001,-0.05,70.0,82.0,6.0,4.0,Clear,clear sky
6448550,Châtillon-en-Vendelais,,FR,48.216671,-1.16667,61.54,88.0,97.0,8.05,Rain,light rain
3676644,Lenguazaque,,CO,5.30711,-73.711517,60.49,77.0,95.0,4.52,Rain,light rain
6357045,Ribesalbes,,ES,40.024502,-0.26996000000000003,70.0,82.0,37.0,4.0,Clouds,scattered clouds
3106030,Vide,,ES,42.225658,-7.66,68.0,53.0,16.0,9.48,Clouds,few clouds
5966694,Greenwood,,CA,49.099789,-118.685608,62.01,68.0,0.0,1.36,Clear,clear sky
3128733,Barcenilla,,ES,43.38871,-3.95648,65.84,72.0,20.0,5.82,Clouds,few clouds
6359951,Pesoz,,ES,43.265678,-6.86652,67.84,58.0,65.0,11.99,Clouds,broken clouds
2965033,Crinkill,,IE,53.077221,-7.89722,62.98,76.0,93.0,6.24,Rain,moderate rain
5040195,Olivia,MN,US,44.776348,-94.989723,70.61,83.0,1.0,5.82,Clear,clear sky
3105469,Villalobos,,ES,41.945671,-5.47517,73.4,31.0,24.0,10.29,Clouds,few clouds
2521804,Altea,,ES,38.59885,-0.051390000000000005,75.18,64.0,8.0,9.64,Clear,clear sky
3690172,Algarrobo,,CO,10.18694,-74.575279,87.17,69.0,72.0,3.4,Clouds,broken clouds
8014405,Rio de Mouro,,PT,38.76889,-9.33273,68.5,52.0,20.0,20.8,Clouds,few clouds
8012556,Agualva,,PT,38.771221,-9.29286,68.95,52.0,20.0,20.8,Clouds,few clouds
3519216,San Gregorio Atzompa,,MX,19.033331,-98.333328,66.2,59.0,5.0,3.15,Clear,clear sky
5116480,Elma Center,NY,US,42.829781,-78.636139,81.84,39.0,20.0,6.93,Clouds,few clouds
3129937,Aoiz,,ES,42.786331,-1.37252,69.03,56.0,40.0,13.87,Clouds,scattered clouds
6358271,Alcubierre,,ES,41.788261,-0.45238000000000006,77.09,41.0,40.0,4.7,Clouds,scattered clouds
4134330,Union County,AR,US,33.150131,-92.650162,82.2,58.0,20.0,8.05,Clouds,few clouds
6360970,Benacazón,,ES,37.340359,-6.21053,82.99,35.0,0.0,5.99,Clear,clear sky
6121889,Riceton,,CA,50.116772,-104.317802,44.2,93.0,90.0,16.11,Rain,light rain
2509615,Vilches,,ES,38.206951,-3.51025,87.82,17.0,3.0,12.3,Clear,clear sky
3130790,Ahigal de Villarino,,ES,41.158192,-6.38037,75.99,34.0,11.0,5.99,Clouds,few clouds
2245546,Simenti,,SN,13.03333,-13.3,102.9,28.0,16.0,2.75,Clouds,few clouds
3689589,Ariguaní,,CO,10.25,-74.0,87.78,65.0,29.0,5.06,Clouds,scattered clouds
6432791,Pleumeleuc,,FR,48.183331,-1.91667,60.33,93.0,98.0,8.05,Rain,light rain
2732326,Vila Verde,,PT,41.647289,-8.43715,67.91,72.0,20.0,13.87,Clouds,few clouds
2654415,Buckhaven,,GB,56.17149,-3.03377,59.36,75.0,96.0,5.99,Clouds,overcast clouds
4625945,Gray,TN,US,36.41983,-82.47654,72.52,74.0,76.0,3.74,Rain,light rain
5947748,Elko,,CA,49.299938,-115.118721,57.02,76.0,75.0,4.7,Clouds,broken clouds
3107112,Rivas-Vaciamadrid,,ES,40.32605,-3.5108800000000002,84.09,19.0,20.0,10.29,Clouds,few clouds
5655069,Grantsdale,MT,US,46.203529,-114.141762,56.07,66.0,90.0,8.05,Clouds,overcast clouds
6435361,Carquebut,,FR,49.366669,-1.3333300000000001,64.53,67.0,40.0,11.41,Clouds,scattered clouds
4565047,Garona,,PR,18.010799,-65.926003,86.32,78.0,8.0,11.99,Clear,clear sky
5028163,Golden Valley,MN,US,45.009689,-93.349121,75.76,61.0,20.0,8.05,Clouds,few clouds
3231220,Lanrédec,,FR,48.400002,-4.4833300000000005,60.8,82.0,72.0,10.29,Clouds,broken clouds
5119218,Great Neck,NY,US,40.800659,-73.728462,74.79,73.0,75.0,11.41,Clouds,broken clouds
2270276,Canha,,PT,38.767059,-8.62713,72.81,47.0,20.0,11.41,Clouds,few clouds
3119753,La Estación,,ES,42.633331,-6.2,65.8,32.0,31.0,9.17,Clouds,scattered clouds
3315404,Templeogue,,IE,53.29528,-6.30889,59.68,93.0,75.0,6.93,Rain,light rain
5312634,Saint Michaels,AZ,US,35.644741,-109.09565,73.08,18.0,1.0,6.93,Clear,clear sky
2977503,Saint-Pierre-de-Mons,,FR,44.55093,-0.22034,68.99,65.0,5.0,9.71,Clear,clear sky
2652034,Crediton,,GB,50.783329,-3.65,58.68,93.0,75.0,6.93,Rain,moderate rain
4072707,Limestone County,AL,US,34.800091,-86.983337,79.56,57.0,40.0,4.14,Clouds,scattered clouds
4561620,Susquehanna Trails,PA,US,39.75872,-76.368019,70.29,81.0,91.0,3.0,Rain,light rain
3681491,Guapotá,,CO,6.30798,-73.320198,80.08,51.0,3.0,3.69,Rain,light rain
5641473,Boulder,MT,US,46.236591,-112.120827,48.99,99.0,100.0,1.01,Rain,light rain
2739841,Estação do Mogadouro,,PT,41.335281,-6.6504,75.99,34.0,3.0,5.99,Clear,clear sky
2571059,Tizgane,,MA,35.412109,-5.06836,82.4,45.0,20.0,13.87,Clouds,few clouds
4158604,Highland City,FL,US,27.9653,-81.877861,87.98,58.0,40.0,4.7,Clouds,scattered clouds
3109966,Santa Comba,,ES,43.033058,-8.80925,63.66,57.0,69.0,13.0,Clouds,broken clouds
2266777,Malveira,,PT,38.932129,-9.25778,68.68,56.0,20.0,18.34,Clouds,few clouds
3985846,San Juan de Sabinas,,MX,27.91667,-101.300003,89.29,49.0,2.0,7.11,Clear,clear sky
2740013,Enxames,,PT,40.159481,-7.3920200000000005,77.77,39.0,4.0,9.98,Clear,clear sky
6361226,Valtajeros,,ES,41.939251,-2.23296,62.01,69.0,80.0,13.0,Rain,light rain
6357808,Adobes,,ES,40.672459,-1.66744,70.95,36.0,68.0,6.44,Clouds,broken clouds
3682393,Florida,,CO,3.3223000000000003,-76.234802,82.4,69.0,40.0,3.36,Haze,haze
3023557,Coron,,FR,47.127258,-0.64512,68.0,62.0,71.0,15.19,Clouds,broken clouds
2412778,Kuntaur,,GM,13.66667,-14.88333,106.0,20.0,4.0,5.08,Clear,clear sky
5335256,Cedar Ridge,CA,US,38.065762,-120.276863,76.35,29.0,1.0,4.7,Clear,clear sky
2653656,Carryduff,,GB,54.51799,-5.88713,66.97,64.0,99.0,6.93,Clouds,overcast clouds
5409906,Wilson Place,CA,US,39.67321,-122.402771,86.0,22.0,13.0,1.01,Clouds,few clouds
5414872,Breckenridge,CO,US,39.481651,-106.038353,55.94,37.0,75.0,11.56,Clouds,broken clouds
3705743,Llano de Piedra,,PA,7.66667,-80.566673,85.39,68.0,49.0,4.54,Rain,moderate rain
5942547,Drayton Valley,,CA,53.21682,-114.985443,51.01,63.0,83.0,1.99,Clouds,broken clouds
4572352,Brookdale,SC,US,33.506821,-80.823418,76.73,61.0,75.0,6.93,Clouds,broken clouds
6435671,Surtainville,,FR,49.455002,-1.8091,63.21,67.0,40.0,11.41,Clouds,scattered clouds
2655858,Berkhamsted,,GB,51.760399,-0.56528,63.46,72.0,75.0,9.17,Clouds,broken clouds
4810884,Keyser,WV,US,39.440929,-78.973923,68.14,78.0,90.0,6.93,Rain,light rain
3110103,San Quirce de Ríopisuerga,,ES,42.629509,-4.30137,69.48,40.0,40.0,5.82,Clouds,scattered clouds
4816186,Mullens,WV,US,37.583172,-81.380379,65.82,78.0,37.0,3.06,Drizzle,light intensity drizzle
6146505,Ship Cove,,CA,47.099911,-54.081451,66.99,64.0,98.0,10.0,Clouds,overcast clouds
6453801,Pabu,,FR,48.583328,-3.13333,60.93,82.0,67.0,8.05,Rain,light rain
3684689,El Carmen de Chucurí,,CO,6.69736,-73.511162,80.6,57.0,75.0,3.36,Clouds,broken clouds
5194450,Hudson,PA,US,41.274799,-75.836029,77.79,57.0,75.0,6.93,Clouds,broken clouds
4175011,Tequesta,FL,US,26.968109,-80.128647,80.46,83.0,40.0,5.82,Rain,moderate rain
2650332,East Stour,,GB,51.00761,-2.28501,58.1,98.0,100.0,4.63,Rain,light rain
6360930,Valdeprados,,ES,40.82494,-4.27505,75.99,35.0,84.0,5.84,Clouds,broken clouds
3493031,Provincia de San Pedro de Macorís,,DO,18.5,-69.333328,88.79,66.0,40.0,18.34,Clouds,scattered clouds
6357426,Castillo de Garcimuñoz,,ES,39.679249,-2.35973,81.68,23.0,0.0,5.99,Clear,clear sky
3110099,San Rafael,,ES,40.713112,-4.19051,78.93,35.0,85.0,5.57,Clouds,overcast clouds
3671346,Puerto Yuca,,CO,2.93833,-73.208328,88.63,60.0,37.0,2.08,Rain,light rain
3113840,Peque,,ES,42.072971,-6.27489,60.01,51.0,68.0,8.01,Clouds,broken clouds
3181835,Borghetto Lodigiano,,IT,45.214771,9.49926,75.69,54.0,70.0,1.99,Rain,light rain
864573,Obshtina Chavdar,,BG,42.616669,24.08333,66.99,71.0,70.0,2.82,Rain,light rain
3155536,Gladstad,,NO,65.677322,11.96137,56.41,76.0,20.0,13.87,Clouds,few clouds
2865467,Neuermark-Lübars,,DE,52.650002,12.03333,75.22,70.0,99.0,8.01,Rain,light rain
2983900,Restinclières,,FR,43.722519,4.03476,75.22,64.0,41.0,19.46,Clouds,scattered clouds
3177120,Feltre,,IT,46.02351,11.907,65.53,92.0,42.0,2.44,Rain,light rain
1254967,Tānkri,,IN,28.083332,76.48333,100.58,11.0,63.0,3.98,Clouds,broken clouds
539868,Kudnavolok,,RU,62.633331,34.900002,62.38,86.0,86.0,5.01,Rain,moderate rain
2949902,Berßel,,DE,51.950001,10.76667,61.02,89.0,100.0,1.99,Clouds,overcast clouds
2923503,Fußgönheim,,DE,49.461109,8.29222,73.78,44.0,68.0,5.82,Clouds,broken clouds
2027748,Amurskaya Oblast’,,RU,54.0,128.0,47.77,82.0,36.0,4.16,Clouds,scattered clouds
766191,Lipinki,,PL,49.672958,21.292879,67.71,99.0,79.0,0.45,Rain,light rain
564307,Dudenëvo,,RU,56.599998,38.48333,69.55,92.0,89.0,6.02,Clouds,overcast clouds
759022,Skrzydlna,,PL,49.753429,20.18618,69.69,60.0,91.0,3.22,Rain,light rain
755848,Wieniawa,,PL,51.36171,20.794889,78.37,63.0,74.0,4.32,Rain,light rain
2843516,Rück,,DE,49.83139,9.20694,67.39,53.0,59.0,6.2,Clouds,broken clouds
1811276,Fengming,,CN,34.441391,107.617783,71.55,53.0,0.0,1.39,Clear,clear sky
2025197,Dada,,RU,49.167801,136.472595,47.89,89.0,57.0,12.77,Clouds,broken clouds
1275016,Byādgi,,IN,14.68333,75.48333,76.53,75.0,94.0,16.17,Clouds,overcast clouds
1181065,Chitral,,PK,35.84623,71.785797,73.56,29.0,18.0,1.39,Clouds,few clouds
6553010,Langeoog,,DE,53.7458,7.48217,63.77,88.0,75.0,9.17,Clouds,broken clouds
1808110,Hongjiaguan,,CN,29.477079,110.166771,69.96,89.0,97.0,1.83,Clouds,overcast clouds
1283213,Khāngsar,,NP,28.683332,83.98333,45.97,79.0,97.0,2.3,Rain,moderate rain
7530915,Powiat rypiński,,PL,53.066132,19.40975,72.0,58.0,62.0,1.01,Rain,light rain
2907386,Heimerzheim,,DE,50.716671,6.91667,72.07,43.0,75.0,4.7,Clouds,broken clouds
7472710,Shunfeng,,CN,26.189039,115.029266,79.79,76.0,100.0,3.83,Clouds,overcast clouds
1817389,Baishigou,,CN,33.375172,106.193771,68.16,63.0,21.0,2.66,Clouds,few clouds
760806,Radecznica,,PL,50.751549,22.82976,72.3,83.0,20.0,2.24,Clouds,few clouds
2977333,Saint-Privat,,FR,44.63002,4.4165600000000005,75.99,41.0,73.0,3.69,Rain,light rain
2903125,Hochkirch,,DE,51.150002,14.58333,61.65,97.0,65.0,14.52,Clouds,broken clouds
6556222,Hattenhofen,,DE,48.216702,11.1167,70.66,46.0,40.0,5.82,Clouds,scattered clouds
3074893,Hranice,,CZ,49.547958,17.73469,69.39,73.0,75.0,11.41,Thunderstorm,thunderstorm
1490617,Surikova,,RU,56.985279,91.398613,59.54,96.0,100.0,7.18,Clouds,overcast clouds
352736,Marsa Alam,,EG,25.075729,34.891811,84.33,53.0,11.0,11.48,Clouds,few clouds
7286894,Richterswil,,CH,47.200771,8.68668,58.78,84.0,67.0,7.0,Rain,moderate rain
3019604,Essigny-le-Grand,,FR,49.778648,3.27774,68.0,60.0,81.0,6.93,Rain,light rain
2792857,Leopoldsburg,,BE,51.116669,5.25,68.43,64.0,43.0,11.41,Rain,light rain
1254732,Teonthar,,IN,24.98333,81.650002,85.62,72.0,97.0,7.54,Rain,light rain
7925472,Jinlong,,CN,24.75053,114.533043,74.77,87.0,100.0,2.64,Clouds,overcast clouds
2657928,Zermatt,,CH,46.021259,7.74912,51.33,63.0,96.0,14.0,Rain,light rain
3176994,Filighera,,IT,45.177059,9.31596,75.63,56.0,75.0,1.01,Rain,light rain
6556546,Gotteszell,,DE,48.966702,12.9667,63.66,71.0,97.0,4.0,Clouds,overcast clouds
2948038,Blankensee,,DE,53.416672,13.26667,64.69,77.0,51.0,7.67,Clouds,broken clouds
7018912,Yantarne,,UA,45.433819,34.222069,73.44,67.0,78.0,3.06,Clouds,broken clouds
1714416,Talagutong,,PH,6.2644400000000005,125.667778,79.92,78.0,100.0,4.16,Clouds,overcast clouds
2877753,Liesten,,DE,52.799999,11.3,75.43,70.0,100.0,8.01,Rain,light rain
7679862,Qingliangfeng,,CN,30.139339,119.028313,67.21,94.0,100.0,2.98,Rain,light rain
2018162,Pakhar’,,RU,54.046391,102.056938,55.71,57.0,14.0,6.91,Clouds,few clouds
2987314,Pierre-Bénite,,FR,45.700901,4.8251100000000005,70.79,43.0,55.0,5.82,Thunderstorm,thunderstorm
3196243,Lokvine,,BA,44.20472,17.85639,69.8,77.0,20.0,8.05,Clouds,few clouds
1728019,Balite,,PH,14.9,120.783333,82.2,83.0,75.0,3.36,Clouds,broken clouds
2992793,Montcresson,,FR,47.905609,2.80796,66.99,57.0,59.0,1.01,Rain,light rain
3020565,Écaillon,,FR,50.350342,3.21664,68.56,52.0,47.0,9.17,Rain,light rain
3171711,Paesana,,IT,44.687229,7.27342,73.31,54.0,45.0,2.26,Rain,light rain
2876696,Löbnitz an der Linde,,DE,51.73333,11.88333,66.06,89.0,100.0,4.0,Rain,moderate rain
1506565,Glavnyy,,RU,55.216671,87.933327,54.66,93.0,99.0,10.25,Clouds,overcast clouds
2470800,Haffouz,,TN,35.632351,9.67624,93.2,23.0,12.0,4.7,Clouds,few clouds
7286204,Kleinandelfingen,,CH,47.608471,8.67114,63.46,59.0,20.0,18.34,Thunderstorm,thunderstorm
2857654,Öchlitz,,DE,51.333328,11.76667,64.06,89.0,100.0,1.99,Rain,light rain
2949836,Berzhausen,,DE,50.666672,7.56667,72.1,67.0,87.0,1.99,Clouds,overcast clouds
2945642,Brachelen,,DE,51.01667,6.23333,71.29,49.0,75.0,4.7,Thunderstorm,thunderstorm
3172193,Novalesa,,IT,45.191841,7.0145,71.67,54.0,85.0,4.5,Rain,moderate rain
2950126,Bermbach,,DE,50.683331,10.61667,63.72,75.0,100.0,4.23,Clouds,overcast clouds
6535107,Inarzo,,IT,45.785782,8.73563,66.15,88.0,40.0,5.82,Clouds,scattered clouds
616879,Ashnak,,AM,40.328869,43.91848,68.97,31.0,40.0,16.11,Clouds,scattered clouds
2799798,Deerlijk,,BE,50.842621,3.3651,66.99,66.0,48.0,8.68,Rain,light rain
6612485,Saint-Antoine-sur-l'Isle,,FR,45.033329,0.05,70.07,60.0,24.0,9.17,Rain,light rain
7873626,Tulfes,,AT,47.230549,11.53995,66.02,46.0,75.0,10.29,Clouds,broken clouds
2972754,Thomery,,FR,48.40723,2.78852,66.58,52.0,72.0,13.87,Rain,light rain
1516601,Dzhetygara,,KZ,52.19083,61.200562,56.25,57.0,18.0,7.67,Clouds,few clouds
6550325,Mellenbach-Glasbach,,DE,50.616699,11.1,62.69,75.0,100.0,4.09,Rain,light rain
6617458,Solaize,,FR,45.6399,4.841,70.63,43.0,56.0,5.82,Thunderstorm,thunderstorm
2795056,Ingelmunster,,BE,50.920811,3.25571,64.45,66.0,61.0,6.71,Rain,moderate rain
2828206,Steinenbronn,,DE,48.666672,9.11667,69.58,52.0,20.0,11.41,Rain,light intensity shower rain
2888033,Kleinweichs,,DE,48.76667,12.83333,63.64,71.0,99.0,4.0,Clouds,overcast clouds
6445047,Verdun-sur-Garonne,,FR,43.853401,1.2365,68.92,49.0,75.0,8.05,Clouds,broken clouds
7872404,Heiligenkreuz am Waasen,,AT,46.948891,15.57839,72.72,64.0,20.0,6.93,Clouds,few clouds
2925720,Forstmehren,,DE,50.700001,7.53333,72.16,67.0,91.0,1.99,Rain,light rain
3176055,Giuliano di Roma,,IT,41.539719,13.2795,72.43,57.0,40.0,13.87,Clouds,scattered clouds
680560,Costeştii din Vale,,RO,44.650002,25.48333,74.34,78.0,20.0,5.82,Clouds,few clouds
1804208,Leiyang,,CN,26.40238,112.859077,77.18,89.0,100.0,1.54,Clouds,overcast clouds
2937201,Diestelow,,DE,53.550201,12.06676,73.44,60.0,75.0,11.41,Clouds,broken clouds
2338334,Ikang,,NG,4.78978,8.531600000000001,75.99,92.0,98.0,1.48,Clouds,overcast clouds
1152194,Mae Sai,,TH,20.433531,99.876167,77.0,100.0,75.0,4.7,Rain,light rain
3086732,Rudy,,PL,50.190029,18.453341,65.75,94.0,52.0,1.01,Rain,moderate rain
256342,Papágou,,GR,37.98333,23.816669,82.36,42.0,20.0,6.93,Clouds,few clouds
3164182,Villanova del Battista,,IT,41.120819,15.15875,74.79,30.0,0.0,19.46,Clear,clear sky
2983482,Riorges,,FR,46.04179,4.04966,64.47,59.0,90.0,4.7,Clouds,overcast clouds
2657979,Willigen,,CH,46.73333,8.18333,44.96,87.0,75.0,10.29,Rain,heavy intensity rain
1266397,Kodīnar,,IN,20.790278999999998,70.703056,84.94,80.0,37.0,13.96,Clouds,scattered clouds
2941279,Burghausen,,DE,48.166672,12.83333,70.36,82.0,98.0,4.0,Clouds,overcast clouds
2765257,Seekirchen am Wallersee,,AT,47.900002,13.13333,69.53,49.0,40.0,9.17,Clouds,scattered clouds
2823515,Tengen,,DE,47.821281,8.66117,62.29,78.0,62.0,1.01,Rain,light rain
2111248,Sagae,,JP,38.372501,140.272507,61.65,89.0,100.0,1.03,Clouds,overcast clouds
1798715,Pingshan,,CN,22.693359,114.33783,84.36,94.0,5.0,4.99,Clear,clear sky
2974348,Solignac-sous-Roche,,FR,45.25198,3.9963800000000003,67.57,52.0,75.0,8.05,Rain,light rain
6554668,Strohn,,DE,50.116699,6.91667,66.76,55.0,15.0,9.17,Clouds,few clouds
3020991,Doubs,,FR,46.927879,6.35104,63.09,58.0,20.0,5.82,Clouds,few clouds
2960152,Remich,,LU,49.533329,6.33333,69.8,49.0,20.0,8.05,Clouds,few clouds
3017576,Foulayronnes,,FR,44.240292,0.6451600000000001,68.0,64.0,21.0,6.93,Clouds,few clouds
680869,Corbu,,RO,44.48333,24.716669,75.11,60.0,40.0,16.11,Clouds,scattered clouds
6425879,Vernoux-en-Vivarais,,FR,44.900002,4.65,74.35,38.0,73.0,8.05,Rain,light rain
2893175,Kanzem,,DE,49.666672,6.56667,67.89,49.0,20.0,8.05,Clouds,few clouds
485449,Svobodnyy,,RU,52.330391,46.37122,63.23,87.0,78.0,11.88,Clouds,broken clouds
3167955,San Michele Salentino,,IT,40.63163,17.63151,77.13,54.0,20.0,10.29,Clouds,few clouds
6453890,Évreux,,FR,49.024311,1.15223,63.88,72.0,43.0,12.75,Rain,light rain
1813839,Xinshui,,CN,36.47839,110.755219,69.31,62.0,78.0,4.25,Clouds,broken clouds
70935,Muḩāfaz̧at Shabwah,,YE,15.0,47.0,88.99,30.0,69.0,13.8,Clouds,broken clouds
2895903,Intschede,,DE,52.966671,9.13333,62.28,93.0,100.0,9.37,Rain,light rain
3063448,Valašské Klobouky,,CZ,49.14064,18.007601,64.63,94.0,88.0,5.99,Rain,light rain
2842562,Sachsenbande,,DE,53.961399,9.34411,71.49,59.0,95.0,5.01,Rain,light rain
1791213,Wujia,,CN,30.646351,111.34713,72.0,88.0,59.0,0.76,Clouds,broken clouds
3038355,Aix-en-Othe,,FR,48.223911,3.7342500000000003,68.0,56.0,61.0,13.87,Clouds,broken clouds
1497497,Nizhniy Ingash,,RU,56.200001,96.529999,60.98,64.0,44.0,8.28,Clouds,scattered clouds
1785036,Zhangye,,CN,38.93417,100.451668,76.62,19.0,32.0,3.49,Clouds,scattered clouds
6556916,Simmershofen,,DE,49.533298,10.1333,70.12,46.0,20.0,8.05,Clouds,few clouds
6432126,Sarrant,,FR,43.76667,0.9166700000000001,68.65,99.0,34.0,1.99,Clouds,scattered clouds
734543,Polykárpi,,GR,40.927219,22.013611,86.0,36.0,8.0,5.01,Clear,clear sky
2719312,Brevik,,SE,59.349998,18.200001,74.44,56.0,12.0,6.93,Clouds,few clouds
6458742,Bezirk Gäu,,CH,47.296059,7.77503,60.03,87.0,78.0,1.99,Rain,moderate rain
600443,Birštonas,,LT,54.616669,24.033331,75.2,69.0,49.0,5.82,Clouds,scattered clouds
2785563,Thimister-Clermont,,BE,50.655121,5.86713,66.99,90.0,19.0,7.96,Rain,light rain
1694579,Pasig,,PH,14.58699,121.064957,83.05,79.0,40.0,2.24,Clouds,scattered clouds
6534249,Concesio,,IT,45.605179,10.21697,76.01,48.0,92.0,4.18,Rain,light rain
2832951,Serno,,DE,52.0,12.41667,67.01,96.0,100.0,1.01,Rain,light rain
1138565,Kalāt,,AF,34.389931,63.3778,68.85,24.0,0.0,5.59,Clear,clear sky
2960154,Remich,,LU,49.544998,6.36694,69.8,49.0,20.0,8.05,Clouds,few clouds
3030276,Breteuil,,FR,49.633572,2.29509,65.98,52.0,90.0,11.41,Clouds,overcast clouds
720907,Felsőbánya,,HU,48.216671,20.716669,70.3,78.0,40.0,2.24,Clouds,scattered clouds
2921093,Gering,,DE,50.283329,7.26667,70.11,55.0,38.0,9.17,Clouds,scattered clouds
1494745,Podsineye,,RU,53.665829,91.536392,59.0,87.0,91.0,6.71,Clouds,overcast clouds
1714900,Dilan,,PH,16.0879,120.520699,79.21,82.0,85.0,1.28,Clouds,overcast clouds
2880400,Lasbek,,DE,53.73333,10.36667,72.64,76.0,85.0,1.01,Rain,light rain
2759611,Augustinusga,,NL,53.21785,6.1617,67.32,56.0,100.0,4.47,Clouds,overcast clouds
6535465,Igliano,,IT,44.44294,8.01334,67.19,68.0,40.0,6.93,Clouds,scattered clouds
1604606,Tak Fa,,TH,15.34917,100.495216,76.95,89.0,100.0,3.47,Clouds,overcast clouds
2929298,Erpen,,DE,52.116669,8.16667,65.39,68.0,20.0,4.7,Clouds,few clouds
6450165,Auguaise,,FR,48.700001,0.55,63.75,72.0,64.0,12.75,Rain,moderate rain
3176603,Francavilla Fontana,,IT,40.530628,17.585211,78.26,54.0,20.0,10.29,Clouds,few clouds
1268893,Jīran,,IN,24.316669,74.883331,88.48,41.0,100.0,16.46,Clouds,overcast clouds
819169,Dubakino,,RU,54.712502,38.572777,72.3,84.0,29.0,5.75,Rain,light rain
3193341,Piran,,SI,45.527779,13.57056,76.17,44.0,5.0,9.17,Rain,light rain
7890350,Al ‘Ubaydīyah,,PS,31.71697,35.29007,68.52,81.0,0.0,17.0,Clear,clear sky
1708729,Kinalaglagan,,PH,14.0,121.099998,83.53,79.0,40.0,2.24,Clouds,scattered clouds
3010265,La Chapelle-Saint-Mesmin,,FR,47.886478,1.8345,59.2,82.0,92.0,5.82,Rain,light rain
6552798,Guderhandviertel,,DE,53.533298,9.61667,68.63,93.0,75.0,9.17,Rain,light intensity shower rain
2949952,Bernshausen,,DE,50.900002,8.31667,67.6,63.0,20.0,2.24,Clouds,few clouds
2936403,Dolgesheim,,DE,49.794441,8.25694,75.31,43.0,20.0,7.94,Clouds,few clouds
6542693,Terzolas,,IT,46.361111,10.92587,68.88,47.0,40.0,12.75,Clouds,scattered clouds
3168207,San Giustino,,IT,43.54945,12.17355,74.64,43.0,7.0,5.01,Clear,clear sky
2689520,Nolby,,SE,62.287498,17.369169,72.84,64.0,29.0,9.17,Clouds,scattered clouds
6540699,Nocera Superiore,,IT,40.742111,14.67294,74.52,66.0,0.0,1.01,Clear,clear sky
3162649,Askim,,NO,59.584641,11.16084,84.72,42.0,40.0,3.0,Clouds,scattered clouds
8021870,Peski,,BY,52.152699,23.5931,81.0,48.0,18.0,1.01,Rain,light rain
678306,Feteşti,,RO,44.383331,27.83333,75.2,64.0,75.0,6.93,Clouds,broken clouds
2780544,Ebenthal,,AT,46.608059,14.36417,66.07,63.0,20.0,4.7,Clouds,few clouds
6535587,Sovizzo,,IT,45.526691,11.4461,78.73,34.0,10.0,4.0,Clear,clear sky
1600176,Ban Nong Lup,,TH,16.466669,102.76667,78.8,94.0,75.0,2.24,Clouds,broken clouds
7602488,Barleben,,DE,52.201931,11.6177,66.96,89.0,100.0,4.0,Rain,moderate rain
3189498,Sunja,,HR,45.365002,16.56694,80.19,47.0,78.0,3.36,Rain,light rain
1887188,Huiping,,CN,31.76408,121.777908,72.05,94.0,75.0,11.18,Clouds,broken clouds
262140,Galatás,,GR,38.349998,21.566669,72.93,61.0,20.0,5.82,Clouds,few clouds
6535181,Roncola,,IT,45.768681,9.56065,70.39,56.0,40.0,8.05,Clouds,scattered clouds
517716,Novovoronezh,,RU,51.30719,39.217319,80.6,44.0,59.0,4.47,Clouds,broken clouds
1788830,Xinji,,CN,33.789299,113.000252,73.36,69.0,0.0,5.5,Clear,clear sky
3179293,Cavasso Nuovo,,IT,46.196388,12.76694,64.17,82.0,75.0,11.41,Thunderstorm,thunderstorm with light rain
1708854,Kibonsod,,PH,9.00694,125.209442,77.67,82.0,100.0,2.53,Clouds,overcast clouds
2989422,Orchies,,FR,50.466671,3.23333,69.57,52.0,44.0,9.17,Rain,light rain
6553853,Rengsdorf,,DE,50.5,7.5,72.39,55.0,53.0,1.01,Clouds,broken clouds
3167160,San Zenone al Lambro,,IT,45.327271,9.35525,74.57,60.0,40.0,8.05,Clouds,scattered clouds
1855301,Nishi-hanawa,,JP,35.583328,138.533325,62.01,99.0,100.0,2.59,Rain,moderate rain
6539180,Niscemi,,IT,37.14864,14.39128,81.28,25.0,29.0,8.05,Clouds,scattered clouds
3016607,Garnat-sur-Engièvre,,FR,46.633331,3.6622500000000002,65.1,59.0,90.0,4.7,Clouds,overcast clouds
2833413,Seidlersreuth,,DE,49.866669,12.2,60.64,87.0,100.0,1.99,Rain,light rain
6997380,Höshigiyn-Ar,,MN,47.557171,106.963333,64.4,55.0,40.0,2.24,Clouds,scattered clouds
1804658,Kuiyong,,CN,22.634581,114.416191,83.7,99.0,3.0,5.21,Clear,clear sky
2325458,Otta,,NG,6.66667,3.73333,73.4,100.0,75.0,5.82,Mist,mist
793171,Ada,,RS,45.802502,20.12583,67.51,78.0,89.0,13.67,Clouds,overcast clouds
2811532,Wellen,,DE,52.14518,11.44106,63.84,82.0,90.0,13.87,Clouds,overcast clouds
2325314,Owo,,NG,7.1962,5.58681,75.06,92.0,99.0,5.28,Rain,light rain
3163844,Zovencedo,,IT,45.42849,11.5032,79.43,40.0,9.0,8.01,Clear,clear sky
6542339,Casavatore,,IT,40.899212,14.27663,75.07,57.0,20.0,10.29,Clouds,few clouds
3100881,Dąbie,,PL,52.010559,15.15221,76.01,34.0,83.0,5.12,Rain,moderate rain
2659298,Ollon,,CH,46.295238,6.99314,57.85,52.0,40.0,19.46,Rain,light rain
2473358,Enfidha,,TN,36.135281,10.38083,77.0,53.0,14.0,12.75,Clouds,few clouds
3208432,Isterberg,,DE,52.349998,7.15,69.26,75.0,100.0,2.62,Clouds,overcast clouds
7643657,Liaonan,,CN,29.30126,115.968788,71.85,81.0,80.0,4.59,Clouds,broken clouds
3014289,Guignicourt,,FR,49.437141,3.96756,69.8,52.0,47.0,9.17,Rain,light rain
3166521,Silvano Pietra,,IT,45.040359,8.94785,73.67,60.0,95.0,5.01,Clouds,overcast clouds
2729907,Longyearbyen,,SJ,78.218597,15.64007,42.8,75.0,75.0,4.7,Clouds,broken clouds
3103751,Bęczarka,,PL,49.87793,19.867229,70.52,93.0,20.0,5.82,Clouds,few clouds
1723481,Buenavista,,PH,8.97694,125.40889,75.51,87.0,100.0,2.59,Clouds,overcast clouds
6549261,Trebnitz,,DE,51.099998,12.0667,61.68,96.0,100.0,1.99,Rain,light rain
673731,Mărtiniş,,RO,46.23333,25.383329,69.06,71.0,93.0,2.93,Rain,light rain
3166733,Senna Lodigiana,,IT,45.151669,9.59386,75.29,51.0,75.0,3.44,Rain,light rain
6538312,Vittorio Veneto,,IT,45.972809,12.30001,68.43,82.0,75.0,11.41,Thunderstorm,thunderstorm with light rain
2037411,Fengcheng,,CN,40.453609,124.071671,63.0,93.0,100.0,1.23,Clouds,overcast clouds
6551385,Wallen,,DE,54.283298,9.26667,72.61,56.0,40.0,10.29,Clouds,scattered clouds
2936623,Döbernitz,,DE,51.51667,12.35,64.81,82.0,20.0,12.75,Clouds,few clouds
30735,Ash Shuqayrah,,YE,13.13452,43.786362,88.14,46.0,100.0,6.87,Clouds,overcast clouds
2971033,Valensole,,FR,43.83799,5.98323,73.45,44.0,48.0,3.0,Clouds,scattered clouds
1718828,Canubing No 2,,PH,13.35,121.133331,80.87,79.0,100.0,0.31,Rain,moderate rain
6427159,Cordebugle,,FR,49.116669,0.38333,63.21,82.0,64.0,2.24,Rain,moderate rain
2993572,Moissy-Cramayel,,FR,48.626049,2.6012500000000003,69.03,52.0,59.0,13.87,Rain,moderate rain
2945858,Bösleben,,DE,50.833328,11.06667,60.57,93.0,75.0,8.05,Rain,light rain
2659036,Riedholz,,CH,47.231578999999996,7.56829,64.85,68.0,20.0,10.29,Clouds,few clouds
3065560,Spálené Poříčí,,CZ,49.613708,13.60556,62.2,82.0,90.0,3.36,Clouds,overcast clouds
1254842,Tāttayyangārpettai,,IN,11.13333,78.449997,87.8,52.0,20.0,12.75,Clouds,few clouds
7530858,Poznań,,PL,52.400631,16.901541,78.26,54.0,40.0,4.7,Clouds,scattered clouds
2911257,Hämerten,,DE,52.590542,11.98711,74.91,70.0,100.0,8.01,Rain,light rain
6535076,Ollomont,,IT,45.849758,7.3106,59.76,35.0,96.0,10.29,Rain,light rain
673489,Mica,,RO,47.133331,23.933331,64.2,100.0,40.0,2.24,Clouds,scattered clouds
2034562,Taipingzhuang,,CN,40.16914,122.808151,64.17,75.0,89.0,2.75,Clouds,overcast clouds
6553507,Laubenheim,,DE,49.916698,7.9,70.7,49.0,1.0,5.79,Clear,clear sky
6556392,Tutzing,,DE,47.910702,11.2806,67.62,49.0,20.0,5.82,Clouds,few clouds
8136550,Ban Nam Long,,TH,17.73292,100.133698,75.0,94.0,100.0,2.39,Clouds,overcast clouds
6437890,Théding,,FR,49.133331,6.9,68.86,56.0,20.0,3.36,Clouds,few clouds
6450303,Aulhat-Saint-Privat,,FR,45.566669,3.3166700000000002,62.6,55.0,56.0,10.29,Rain,light rain
2807704,Winterscheid,,DE,50.23333,6.25,64.58,63.0,21.0,3.36,Clouds,few clouds
355182,South Sinai Governorate,,EG,29.0,33.799999,80.6,19.0,0.0,13.87,Clear,clear sky
2946375,Booßen,,DE,52.366669,14.48333,74.44,46.0,53.0,5.01,Rain,moderate rain
1787989,Xuelu,,CN,34.409611,108.340523,73.0,83.0,0.0,4.47,Clear,clear sky
3171101,Petrella Salto,,IT,42.295429,13.06828,65.88,93.0,3.0,9.17,Clear,clear sky
2130057,Hirosaki,,JP,40.59306,140.472504,62.53,90.0,93.0,3.0,Clouds,overcast clouds
1690257,San Basilio,,PH,15.0335,120.583702,80.6,83.0,75.0,3.36,Clouds,broken clouds
3129793,L'Arboç,,ES,41.26667,1.6,71.11,78.0,20.0,1.99,Clouds,few clouds
2723503,Bankeryd,,SE,57.849998,14.11667,73.4,53.0,9.0,12.75,Clear,clear sky
1860797,Kaigandōri,,JP,34.666672,133.916672,64.0,97.0,100.0,7.11,Rain,heavy intensity rain
2890660,Kirchberg,,DE,49.950001,7.4,66.88,59.0,20.0,8.05,Clouds,few clouds
2871535,Mettmann,,DE,51.25,6.96667,73.8,56.0,20.0,5.82,Rain,shower rain
2850630,Rampe,,DE,53.68634,11.48621,73.18,63.0,28.0,5.99,Clouds,scattered clouds
6541787,Vaiano,,IT,43.948952,11.12322,70.61,44.0,40.0,13.87,Clouds,scattered clouds
2651048,Dover,,GB,51.133331,1.3,66.11,80.0,8.0,5.01,Clear,clear sky
3183388,Aiello del Sabato,,IT,40.889118,14.82084,72.82,67.0,0.0,7.05,Clear,clear sky
6552858,Baltrum,,DE,53.727798,7.36965,63.75,88.0,75.0,9.17,Clouds,broken clouds
2918367,Grafenaschau,,DE,47.650002,11.11667,65.34,48.0,40.0,5.82,Clouds,scattered clouds
1923733,Dinglong,,CN,26.415449,115.454514,78.64,79.0,89.0,3.62,Clouds,overcast clouds
6551384,Tellingstedt,,DE,54.219799,9.2831,73.92,56.0,40.0,10.29,Clouds,scattered clouds
667232,Şieuţ,,RO,46.98333,24.65,65.46,93.0,40.0,2.24,Rain,light intensity shower rain
2952644,Bargischow,,DE,53.833328,13.75,62.01,80.0,76.0,1.01,Clouds,broken clouds
2980224,Saint-Étienne-la-Thillaye,,FR,49.29002,0.12021000000000001,62.6,82.0,83.0,2.24,Rain,moderate rain
733715,Obshtina Aksakovo,,BG,43.316669,27.85,71.29,73.0,63.0,2.24,Rain,light rain
2475680,Tleta,,DZ,36.792839,5.88507,75.2,73.0,75.0,5.82,Clouds,broken clouds
1859895,Kasugabaru,,JP,33.533329,130.466675,71.33,94.0,75.0,5.82,Clouds,broken clouds
2839074,Schirmitz,,DE,49.650002,12.16667,64.49,72.0,75.0,9.17,Haze,haze
3093456,Libiąż Mały,,PL,50.099998,19.316669,66.4,93.0,20.0,5.82,Clouds,few clouds
1255631,Srīnivāspur,,IN,13.33333,78.216667,75.2,83.0,40.0,12.75,Clouds,scattered clouds
3006622,Larrey,,FR,47.316669,5.01667,71.6,43.0,25.0,5.82,Rain,light rain
2916950,Groß Boden,,DE,53.75,10.45,72.59,64.0,79.0,9.17,Rain,light rain
6969836,Sanxi,,CN,27.6959,119.062622,68.86,97.0,95.0,2.04,Clouds,overcast clouds
3907892,Piocera,,BO,-18.75,-65.400002,71.47,17.0,66.0,4.5,Clouds,broken clouds
3398255,Independência,,BR,-5.39639,-40.308609,85.84,44.0,2.0,10.36,Clear,clear sky
3459435,Juquitiba,,BR,-23.931669,-47.068329,74.16,46.0,41.0,16.11,Clouds,scattered clouds
3388441,São José de Ribamar,,BR,-2.56194,-44.054169,87.8,58.0,40.0,11.41,Clouds,scattered clouds
3849516,La Paz,,AR,-33.460911,-67.549561,60.69,32.0,73.0,7.67,Clouds,broken clouds
6322137,Bertioga,,BR,-23.748699,-46.0476,84.2,42.0,65.0,4.7,Clouds,broken clouds
3877744,Paillaco,,CL,-40.068218,-72.879349,57.2,93.0,75.0,10.29,Rain,light intensity shower rain
3839482,Rada Tilly,,AR,-45.933331,-67.533333,50.0,57.0,100.0,8.05,Clouds,overcast clouds
3887736,Huechún,,CL,-33.083328,-70.75,50.41,87.0,90.0,3.36,Clouds,overcast clouds
3459181,Lagoa Formosa,,BR,-18.77861,-46.407501,73.0,65.0,0.0,4.0,Clear,clear sky
3450283,Santa Cruz das Palmeiras,,BR,-21.826941,-47.248611,77.0,44.0,72.0,11.41,Clouds,broken clouds
3471834,Araguaiana,,BR,-15.73389,-51.83139,87.03,40.0,10.0,8.25,Clear,clear sky
3838596,Rosales,,AR,-34.173458,-63.153099,60.58,39.0,6.0,4.12,Clear,clear sky
3449401,São Bentinho,,BR,-17.466669,-41.883331,68.38,67.0,59.0,5.73,Clouds,broken clouds
3469294,Bonito,,BR,-21.121111,-56.481941,84.78,43.0,6.0,10.83,Clear,clear sky
3472276,Anchieta,,BR,-26.534439,-53.33139,79.0,49.0,58.0,11.97,Clouds,broken clouds
3659544,Celica,,EC,-4.11667,-79.949997,82.4,39.0,6.0,4.7,Clear,clear sky
3927441,Tinta,,PE,-14.145,-71.406937,63.54,28.0,30.0,2.55,Clouds,scattered clouds
3832759,Villa de Soto,,AR,-30.85523,-64.999474,62.01,32.0,44.0,3.0,Clouds,scattered clouds
7693243,Barra da Anta,,BR,-26.91263,-49.662621,75.0,1.0,91.0,7.07,Clouds,overcast clouds
3834601,Tartagal,,AR,-22.516359,-63.801311,76.96,30.0,0.0,6.51,Clear,clear sky
3915350,Guayaramerín,,BO,-10.83676,-65.361359,87.8,55.0,40.0,5.82,Clouds,scattered clouds
3472128,Anitápolis,,BR,-27.901939,-49.128609,60.01,93.0,92.0,23.0,Clouds,overcast clouds
3472432,Alto Rio Novo,,BR,-19.05611,-41.01667,71.94,66.0,78.0,4.21,Clouds,broken clouds
3460773,Itapaci,,BR,-14.95083,-49.549438,82.8,44.0,5.0,7.34,Clear,clear sky
3458148,Maetinga,,BR,-14.66333,-41.491669,74.8,57.0,39.0,9.98,Clouds,scattered clouds
3427215,Zapiola,,AR,-35.059021,-59.040981,63.23,77.0,90.0,13.87,Clouds,overcast clouds
3453777,Pinhão,,BR,-25.69556,-51.659721,66.99,71.0,100.0,9.6,Clouds,overcast clouds
3890212,El Trebolar,,CL,-33.25,-71.150002,51.17,87.0,90.0,3.36,Clouds,overcast clouds
3389458,Santa Maria Velha,,BR,-8.34028,-49.26833,89.6,40.0,0.0,9.17,Clear,clear sky
3462916,Frutal,,BR,-20.024719,-48.940559,79.5,47.0,33.0,9.78,Clouds,scattered clouds
3403338,Canivete,,BR,-9.31667,-37.26667,79.9,67.0,79.0,13.04,Clouds,broken clouds
3396277,Limoeiro,,BR,-7.87472,-35.450279,84.2,66.0,75.0,14.99,Clouds,broken clouds
3664301,Envira,,BR,-7.3,-70.216667,93.94,41.0,51.0,1.41,Clouds,broken clouds
3429902,Pontevedra,,AR,-34.749741,-58.686958,64.0,77.0,90.0,13.87,Clouds,overcast clouds
6317344,Jaboatão dos Guararapes,,BR,-8.11278,-35.014721,84.2,66.0,75.0,14.99,Clouds,broken clouds
3461707,Harmonia,,BR,-29.547779,-51.42556,76.98,71.0,88.0,10.0,Clouds,overcast clouds
3694720,Mochumí,,PE,-6.54694,-79.86306,71.6,64.0,20.0,14.99,Clouds,few clouds
3847599,Las Vertientes,,AR,-33.283371,-64.579079,64.4,25.0,81.0,6.93,Clouds,broken clouds
3446138,Três Corações,,BR,-21.696939,-45.25333,69.87,53.0,87.0,5.86,Clouds,overcast clouds
3433822,General Almada,,AR,-32.836899,-58.804729,57.99,83.0,93.0,8.99,Clouds,overcast clouds
3450024,Santana,,BR,-18.566669,-39.75,78.62,65.0,2.0,7.31,Clear,clear sky
3904890,Santa Elena,,BO,-20.549999,-64.783333,68.49,21.0,9.0,2.24,Clear,clear sky
3439619,Vichadero,,UY,-31.799999,-54.716671,67.73,80.0,55.0,18.61,Clouds,broken clouds
3393764,Oeiras,,BR,-7.02528,-42.131111,90.0,32.0,0.0,9.66,Clear,clear sky
3397277,João Pessoa,,BR,-7.115,-34.86306,84.2,70.0,75.0,17.22,Clouds,broken clouds
3665474,Acre,,BR,-9.0,-70.0,93.33,38.0,0.0,2.13,Clear,clear sky
3834647,Tapalqué,,AR,-36.354931,-60.026402,61.0,57.0,1.0,3.0,Clear,clear sky
3442057,Las Piedras,,UY,-34.726391,-56.220001,56.1,100.0,90.0,14.99,Clouds,overcast clouds
3654825,La Victoria,,EC,-0.7666700000000001,-75.51667,82.17,85.0,82.0,3.18,Rain,light rain
3833391,Uriburu,,AR,-36.506821,-63.862259,59.9,34.0,82.0,7.67,Clouds,broken clouds
3691148,Tumbes,,PE,-3.5666700000000002,-80.441391,80.6,65.0,40.0,11.45,Clouds,scattered clouds
3910971,Machacamarca,,BO,-18.16667,-67.033333,54.84,28.0,99.0,2.86,Clouds,overcast clouds
7583030,Sítio Santana,,BR,-23.54738,-47.167789,74.55,46.0,64.0,16.11,Clouds,broken clouds
3466062,Cláudio,,BR,-20.443331,-44.765831,72.1,44.0,5.0,6.38,Clear,clear sky
3461763,Guaxupé,,BR,-21.305281,-46.71278,69.33,62.0,93.0,6.96,Clouds,overcast clouds
3429244,San Antonio de Padua,,AR,-34.664459,-58.707691,63.86,71.0,47.0,7.0,Clouds,scattered clouds
5881192,Tāfuna,,AS,-14.33583,-170.720001,78.8,74.0,90.0,21.92,Clouds,overcast clouds
3452073,Queimados,,BR,-22.71611,-43.555279,79.39,44.0,1.0,2.24,Clear,clear sky
3923154,Bermejo,,BO,-22.65,-64.366669,78.71,27.0,1.0,4.27,Clear,clear sky
3446591,Terra de Areia,,BR,-29.585279,-50.070831,77.94,57.0,99.0,5.88,Clouds,overcast clouds
3838174,San Agustín,,AR,-31.97681,-64.374001,69.57,24.0,39.0,7.0,Clouds,scattered clouds
3892878,Curepto,,CL,-35.083328,-72.01667,53.01,77.0,100.0,12.73,Clouds,overcast clouds
3472414,Álvaro de Carvalho,,BR,-22.08917,-49.718891,75.4,56.0,43.0,8.52,Clouds,scattered clouds
3428609,San Miguel del Monte,,AR,-35.439621,-58.806751,62.96,52.0,28.0,12.01,Clouds,scattered clouds
3455152,Paraguaçu Paulista,,BR,-22.412781,-50.575829,75.63,60.0,70.0,10.78,Clouds,broken clouds
3407980,Alenquer,,BR,-1.9416700000000002,-54.738331,87.73,59.0,99.0,5.88,Clouds,overcast clouds
3401106,Demerval Lobão,,BR,-5.3583300000000005,-42.676392,87.8,43.0,1.0,10.29,Clear,clear sky
3403566,Campo Maior,,BR,-4.82778,-42.16861,87.44,40.0,0.0,6.82,Clear,clear sky
3841426,Peyrano,,AR,-33.537331,-60.801491,65.34,53.0,15.0,7.0,Clouds,few clouds
6621249,Pilaya,,BO,-20.902121,-64.740341,86.0,11.0,1.0,3.74,Clear,clear sky
3862555,Caroya,,AR,-31.033331,-64.116669,66.87,24.0,20.0,5.82,Clouds,few clouds
3439348,Benjamín Aceval,,PY,-24.966669,-57.566669,86.0,48.0,47.0,20.8,Clouds,scattered clouds
3427279,Yapeyú,,AR,-29.469139,-56.818409,66.2,82.0,75.0,14.99,Clouds,broken clouds
3402893,Cariré,,BR,-3.9505600000000003,-40.473331,85.8,51.0,10.0,6.69,Clear,clear sky
3896161,Catemu,,CL,-32.633331,-71.033333,53.35,87.0,100.0,2.13,Clouds,overcast clouds
3935206,Matamula,,PE,-17.85,-70.550003,61.2,93.0,75.0,5.82,Clouds,broken clouds
3880143,Mejillones,,CL,-23.1,-70.449997,60.8,82.0,75.0,13.87,Clouds,broken clouds
3930871,Quilahuani,,PE,-17.31778,-70.258057,63.23,24.0,63.0,7.52,Clouds,broken clouds
3691175,Trujillo,,PE,-8.11599,-79.029984,69.57,69.0,52.0,9.33,Clouds,broken clouds
3854331,Hernando,,AR,-32.426571,-63.73333,68.0,39.0,20.0,4.0,Clouds,few clouds
3454032,Petrolina de Goiás,,BR,-16.094999,-49.338058,75.47,49.0,75.0,8.05,Clouds,broken clouds
3400311,Fazenda Campina,,BR,-4.56667,-40.183331,85.19,52.0,11.0,8.16,Clouds,few clouds
3879123,Nacimiento,,CL,-37.5,-72.666672,50.0,100.0,90.0,14.99,Rain,moderate rain
3458386,Lucianópolis,,BR,-22.43111,-49.522499,78.91,54.0,37.0,6.93,Clouds,scattered clouds
3903320,Tarija,,BO,-21.53549,-64.729561,75.2,29.0,0.0,6.93,Clear,clear sky
3863362,Calingasta,,AR,-31.330839,-69.407829,61.74,26.0,0.0,3.33,Clear,clear sky
3857431,Elortondo,,AR,-33.700291,-61.616928,63.54,50.0,13.0,11.01,Clouds,few clouds
3449319,São Carlos,,BR,-22.0175,-47.890831,77.0,44.0,46.0,11.41,Clouds,scattered clouds
3464713,Dias dávila,,BR,-12.6125,-38.29694,82.4,69.0,40.0,10.29,Clouds,scattered clouds
3895711,Chacra Valparaíso,,CL,-33.466671,-70.599998,47.46,81.0,90.0,2.57,Clouds,overcast clouds
3832769,Villa del Dique,,AR,-32.17667,-64.455429,63.48,29.0,52.0,4.9,Clouds,broken clouds
3438043,Guarambaré,,PY,-25.48333,-57.466671,86.0,48.0,56.0,20.8,Clouds,broken clouds
3461705,Hauer,,BR,-23.366671,-50.333328,73.26,62.0,84.0,8.28,Clouds,broken clouds
3654536,Machachi,,EC,-0.5,-78.566673,62.56,54.0,75.0,1.12,Clouds,broken clouds
3406263,Barras,,BR,-4.24444,-42.294441,86.13,47.0,7.0,7.45,Clear,clear sky
3837960,San Basilio,,AR,-33.497631,-64.314949,64.4,25.0,76.0,6.93,Clouds,broken clouds
3464342,Eldorado,,BR,-24.52,-48.108059,83.39,45.0,80.0,5.59,Clouds,broken clouds
3901409,Viro Viro,,BO,-17.65,-63.133331,83.52,62.0,75.0,25.28,Clouds,broken clouds
3461200,Inhomirim,,BR,-22.569719,-43.185001,73.17,69.0,0.0,8.05,Clear,clear sky
3461941,Guaporé,,BR,-28.84556,-51.890282,73.45,48.0,86.0,8.19,Clouds,overcast clouds
3657505,Provincia del Guayas,,EC,-2.0,-79.833328,76.48,78.0,90.0,5.82,Clouds,overcast clouds
3449710,Santo Amaro das Brotas,,BR,-10.78889,-37.05444,77.0,88.0,75.0,12.75,Rain,light rain
7010403,Muyurina,,BO,-17.382549,-66.144203,73.4,16.0,52.0,1.14,Clouds,broken clouds
5881165,Ta`ū,,AS,-14.23361,-169.514435,78.91,79.0,86.0,22.84,Clouds,overcast clouds
3855368,Fray Luis Beltrán,,AR,-39.316669,-65.76667,59.38,36.0,67.0,25.86,Clouds,broken clouds
3452547,Potirendaba,,BR,-21.04278,-49.37722,78.8,39.0,40.0,5.82,Clouds,scattered clouds
3946818,Barranco,,PE,-12.14297,-77.018623,66.2,72.0,90.0,5.82,Clouds,overcast clouds
3665210,Arenal,,BR,-7.56667,-72.616669,87.8,62.0,20.0,3.36,Clouds,few clouds
3848950,La Rioja,,AR,-29.411051,-66.85067,68.58,24.0,29.0,6.42,Clouds,scattered clouds
3935155,Matucana,,PE,-11.85,-76.400002,69.39,28.0,16.0,6.71,Clouds,few clouds
3397108,Jucurutu,,BR,-6.03389,-37.020279,89.67,47.0,48.0,12.44,Clouds,scattered clouds
3466998,Carapicuíba,,BR,-23.522499,-46.83556,74.57,44.0,55.0,8.05,Clouds,broken clouds
3385778,Umbuzeiro,,BR,-7.69556,-35.663609,77.47,74.0,16.0,14.07,Rain,light rain
3461153,Ipaba,,BR,-19.41361,-42.419441,76.42,53.0,13.0,4.21,Clouds,few clouds
3398614,Guaiúba,,BR,-4.03972,-38.637218,84.47,58.0,75.0,14.99,Clouds,broken clouds
3457693,Marilena,,BR,-22.73583,-53.040001,79.39,54.0,48.0,11.07,Clouds,scattered clouds
3887127,Iquique,,CL,-20.220831,-70.143059,64.4,63.0,40.0,6.93,Clouds,scattered clouds
3446313,Toropi,,BR,-29.478331,-54.228062,80.6,54.0,40.0,19.46,Clouds,scattered clouds
3458121,Malacacheta,,BR,-17.84222,-42.076672,69.64,66.0,81.0,4.59,Clouds,broken clouds
3402795,Carnaúba dos Dantas,,BR,-6.55556,-36.595001,86.7,48.0,46.0,17.94,Clouds,scattered clouds
3842840,Nuevo Torino,,AR,-31.346451,-61.235401,61.05,51.0,0.0,4.0,Clear,clear sky
3443183,Cerro Colorado,,UY,-33.866669,-55.549999,58.15,91.0,81.0,14.85,Clouds,broken clouds
3396101,Luzilândia,,BR,-3.45778,-42.370281,86.02,61.0,37.0,6.44,Rain,light rain
3464974,Curitibanos,,BR,-27.28278,-50.584438,68.45,65.0,99.0,7.72,Clouds,overcast clouds
3660361,Balzar,,EC,-1.36667,-79.900002,78.91,75.0,95.0,6.69,Clouds,overcast clouds
3455304,Palmitos,,BR,-27.067499,-53.16111,77.99,66.0,52.0,8.99,Clouds,broken clouds
3855353,Frías,,AR,-28.635929,-65.13102,71.8,36.0,42.0,13.0,Clouds,scattered clouds
3896847,Capellanía,,CL,-34.633331,-71.366669,52.43,76.0,100.0,5.82,Clouds,overcast clouds
3395380,Mari,,BR,-7.06,-35.319439,84.2,70.0,75.0,17.22,Clouds,broken clouds
3460180,Jambeiro,,BR,-23.253611,-45.687778,74.26,46.0,40.0,4.7,Clouds,scattered clouds
3456196,Nova Aurora,,BR,-22.866671,-52.566669,77.47,60.0,88.0,11.54,Clouds,overcast clouds
3449529,Santo Antônio da Platina,,BR,-23.295,-50.077221,75.18,59.0,77.0,9.26,Clouds,broken clouds
3472404,Alvorada,,BR,-12.48,-49.124722,87.94,40.0,0.0,9.73,Clear,clear sky
3398688,Gravatá,,BR,-8.55,-36.366669,77.07,64.0,28.0,13.51,Clouds,scattered clouds
3464044,Ervália,,BR,-20.84,-42.657219,69.57,63.0,2.0,8.03,Clear,clear sky
3658195,Provincia de El Oro,,EC,-3.5,-79.833328,77.0,83.0,90.0,2.24,Clouds,overcast clouds
3461936,Guará,,BR,-15.83333,-47.900002,70.36,64.0,75.0,12.75,Clouds,broken clouds
3464480,Dourado,,BR,-22.1,-48.317501,73.51,58.0,33.0,8.05,Clouds,scattered clouds
3390907,Quixadá,,BR,-4.97139,-39.015282,82.6,63.0,20.0,7.61,Clouds,few clouds
6559994,Buenos Aires,,PE,-9.12417,-78.497498,68.25,69.0,80.0,10.85,Clouds,broken clouds
3463605,Farroupilha,,BR,-29.225,-51.347778,72.0,71.0,85.0,10.0,Clouds,overcast clouds
3838294,Saldán,,AR,-31.30262,-64.306999,69.3,24.0,18.0,5.82,Clouds,few clouds
3455773,Oscar Bressane,,BR,-22.318331,-50.281391,76.23,58.0,70.0,10.83,Clouds,broken clouds
3465000,Cuparaque,,BR,-18.96944,-41.099171,74.88,63.0,80.0,3.67,Clouds,broken clouds
3836194,Santa Lucía,,AR,-31.539869,-68.495033,62.29,29.0,78.0,5.03,Clouds,broken clouds
3428533,Partido de San Pedro,,AR,-33.75,-59.75,63.0,69.0,28.0,5.01,Clouds,scattered clouds
3459855,Joanópolis,,BR,-22.930281,-46.275558,73.4,46.0,40.0,4.7,Clouds,scattered clouds
3445162,Vespasiano,,BR,-19.69194,-43.923328,71.01,46.0,20.0,4.7,Clouds,few clouds
3455251,Panorama,,BR,-21.35639,-51.859718,82.78,45.0,85.0,9.1,Clouds,overcast clouds
6254880,Villa Pacajes,,BO,-16.528681,-68.187363,55.4,9.0,32.0,4.7,Clouds,scattered clouds
3456309,Nhandeara,,BR,-20.69417,-50.03833,78.8,39.0,40.0,5.82,Clouds,scattered clouds
3458701,Lavínia,,BR,-21.168329,-51.039719,79.86,48.0,53.0,10.02,Clouds,broken clouds
3449856,Santa Rita do Araguaia,,BR,-17.32556,-53.20528,79.3,47.0,40.0,10.33,Clouds,scattered clouds
3894426,Coyhaique,,CL,-45.575241,-72.066193,48.2,70.0,40.0,4.7,Clouds,scattered clouds
3460358,Jaci,,BR,-20.882219,-49.57,78.8,39.0,40.0,5.82,Clouds,scattered clouds
3834826,Tacuarí,,AR,-34.211491,-60.308559,62.65,73.0,17.0,10.0,Clouds,few clouds
3880306,Región del Maule,,CL,-35.5,-71.5,52.52,76.0,100.0,5.82,Clouds,overcast clouds
3455281,Panambi,,BR,-28.2925,-53.501671,69.84,77.0,75.0,10.27,Clouds,broken clouds
3445630,Vacaria,,BR,-28.51222,-50.933891,75.0,48.0,87.0,16.69,Clouds,overcast clouds
6321162,Belo Horizonte,,BR,-19.926229,-43.939819,72.3,46.0,0.0,9.17,Clear,clear sky
3454053,Pescador,,BR,-18.356939,-41.598061,74.01,62.0,79.0,3.71,Clouds,broken clouds
3398402,Ibicuitinga,,BR,-4.97389,-38.638889,81.99,65.0,39.0,7.09,Clouds,scattered clouds
3870243,Taltal,,CL,-25.4,-70.48333,69.94,39.0,0.0,4.68,Clear,clear sky
3872205,San Francisco de Mostazal,,CL,-33.98333,-70.716667,51.8,66.0,90.0,5.82,Clouds,overcast clouds
3919353,Concepción,,BO,-16.133329,-62.033329,86.13,44.0,33.0,10.56,Clouds,scattered clouds
3880992,Maipo,,CL,-33.73333,-70.783333,48.74,81.0,90.0,2.51,Clouds,overcast clouds
3843798,Montes de Oca,,AR,-32.566662,-61.76881,61.74,49.0,0.0,7.78,Clear,clear sky
3439167,Carapeguá,,PY,-25.799999,-57.23333,86.0,48.0,76.0,20.8,Clouds,broken clouds
3873992,Quinta Normal,,CL,-33.450001,-70.699997,49.03,87.0,90.0,3.36,Clouds,overcast clouds
3458257,Macambira,,BR,-10.66639,-37.540829,77.0,88.0,75.0,12.75,Rain,light rain
3479327,Aliança do Tocantins,,BR,-11.30611,-48.935829,86.88,42.0,2.0,10.13,Clear,clear sky
3877793,Padre Las Casas,,CL,-38.76667,-72.599998,50.92,100.0,90.0,13.87,Clouds,overcast clouds
3397940,Itaparica,,BR,-9.06667,-38.316669,86.05,47.0,20.0,16.71,Clouds,few clouds
3464618,Dois Córregos,,BR,-22.36611,-48.38028,78.94,54.0,30.0,6.93,Clouds,scattered clouds
3448057,Sapopema,,BR,-23.91083,-50.58028,72.05,61.0,100.0,7.27,Clouds,overcast clouds
3447812,Serafina Corrêa,,BR,-28.71167,-51.935001,72.84,64.0,75.0,24.16,Clouds,broken clouds
3430943,Makallé,,AR,-27.206869,-59.286961,79.25,57.0,81.0,5.82,Clouds,broken clouds
3451474,Riachão do Jacuípe,,BR,-11.80694,-39.385559,82.51,56.0,54.0,10.92,Clouds,broken clouds
3430105,Paso de la Patria,,AR,-27.316759,-58.571972,79.63,57.0,52.0,4.7,Clouds,broken clouds
3460588,Itaú de Minas,,BR,-20.739441,-46.75222,72.81,54.0,95.0,6.02,Clouds,overcast clouds
3471859,Araçatuba,,BR,-21.208891,-50.432781,80.4,47.0,43.0,9.75,Clouds,scattered clouds
3435196,Coté-Lai,,AR,-27.5,-59.599998,78.8,57.0,99.0,5.82,Clouds,overcast clouds
3408421,Abaré,,BR,-8.72028,-39.113892,87.71,41.0,1.0,16.98,Clear,clear sky
3392544,Pedra Lavrada,,BR,-6.75778,-36.470829,83.7,52.0,53.0,18.32,Clouds,broken clouds
3447473,Sobradinho,,BR,-12.83333,-39.099998,79.16,70.0,59.0,7.61,Rain,light rain
3460173,Jandaia,,BR,-17.048611,-50.146111,81.79,43.0,1.0,8.03,Clear,clear sky
3458160,Madre de Deus de Minas,,BR,-21.4825,-44.33028,66.2,52.0,20.0,6.93,Clouds,few clouds
3836944,San Mauricio,,AR,-35.510719,-63.187801,59.22,43.0,40.0,5.64,Clouds,scattered clouds
3844419,Mendoza Province,,AR,-34.5,-68.5,57.79,36.0,55.0,14.07,Clouds,broken clouds
3472820,Águia Branca,,BR,-18.983061,-40.74028,77.85,57.0,55.0,4.38,Clouds,broken clouds
3457741,Marialva,,BR,-23.485001,-51.791672,75.2,60.0,100.0,17.22,Clouds,overcast clouds
6319315,Fonte Boa,,BR,-2.49591,-66.266228,87.96,60.0,50.0,3.8,Rain,light rain
3442546,Garzón,,UY,-34.599998,-54.549999,57.09,93.0,90.0,19.46,Drizzle,drizzle
3925955,Vizcachane,,PE,-15.80861,-71.201111,49.82,31.0,78.0,4.5,Clouds,broken clouds
3405908,Bela Cruz,,BR,-3.05056,-40.167782,86.13,60.0,26.0,10.09,Clouds,scattered clouds
3430383,Nueve de Julio,,AR,-28.840509,-58.8265,73.85,55.0,6.0,5.08,Clear,clear sky
3921237,Chané Abajo,,BO,-17.5,-63.166672,83.35,62.0,75.0,25.28,Clouds,broken clouds
3865802,Andalgalá,,AR,-27.581949,-66.31646,57.99,31.0,50.0,8.99,Clouds,scattered clouds
3450486,Sangão,,BR,-28.637779,-49.129169,78.94,53.0,100.0,4.7,Clouds,overcast clouds
3472287,Anápolis,,BR,-16.32667,-48.952782,73.4,49.0,75.0,8.05,Clouds,broken clouds
3911925,La Paz,,BO,-16.5,-68.150002,55.4,9.0,23.0,4.7,Clouds,few clouds
3850888,Laguna Yema,,AR,-24.25391,-61.244659,82.29,51.0,83.0,2.68,Clouds,broken clouds
3859538,Daireaux,,AR,-36.599998,-61.75,59.59,42.0,32.0,8.81,Clouds,scattered clouds
3451709,Regente Feijó,,BR,-22.22139,-51.30278,78.8,44.0,78.0,9.17,Clouds,broken clouds
3432355,La Leonesa,,AR,-27.037861,-58.703468,79.63,57.0,72.0,4.7,Clouds,broken clouds
3465487,Coromandel,,BR,-18.47333,-47.200279,73.49,52.0,7.0,9.64,Clear,clear sky
3460651,Itapuí,,BR,-22.23333,-48.71917,78.91,54.0,39.0,6.93,Clouds,scattered clouds
4033792,Pueu,,PF,-17.73333,-149.216675,77.0,88.0,75.0,5.82,Rain,shower rain
3457098,Mirante do Paranapanema,,BR,-22.291941,-51.906391,78.8,44.0,88.0,9.17,Clouds,overcast clouds
3469189,Borá,,BR,-22.26972,-50.534439,76.14,58.0,71.0,10.65,Clouds,broken clouds
3427365,Villa Svea,,AR,-27.48617,-55.146332,72.07,69.0,83.0,6.17,Clouds,broken clouds
3463011,Franca,,BR,-20.53861,-47.400829,73.47,49.0,66.0,7.36,Clouds,broken clouds
3855563,Filo-hua-hum,,AR,-40.48333,-71.349998,35.26,92.0,100.0,4.34,Snow,heavy snow
3918313,El Carmen,,BO,-17.85,-63.216671,83.14,61.0,40.0,27.51,Clouds,scattered clouds
3861059,Cintra,,AR,-32.306728,-62.652142,68.0,39.0,0.0,4.0,Clear,clear sky
3439838,Toledo,,UY,-34.742222,-56.098331,55.6,100.0,90.0,13.87,Clouds,overcast clouds
3832729,Villa Giardino,,AR,-31.033331,-64.48333,62.01,32.0,14.0,3.0,Clouds,few clouds
3432043,La Plata,,AR,-34.921452,-57.954529,63.0,67.0,81.0,3.0,Clouds,broken clouds
3462371,Goiatuba,,BR,-18.012501,-49.354721,77.04,52.0,4.0,9.93,Clear,clear sky
3395440,Marapanim,,BR,-0.7175,-47.699718,85.84,69.0,89.0,4.81,Rain,light rain
7626291,La Rinconada,,PE,-14.63126,-69.446381,43.68,57.0,43.0,1.32,Clouds,scattered clouds
3465154,Cristinápolis,,BR,-11.47556,-37.75528,78.78,75.0,55.0,11.16,Rain,light rain
6942842,Bella Italia,,AR,-31.27268,-61.423962,63.14,51.0,0.0,4.0,Clear,clear sky
3447466,Sobradinho,,BR,-29.421391,-53.02861,68.0,79.0,90.0,11.86,Clouds,overcast clouds
3449518,Santo Antônio de Posse,,BR,-22.60611,-46.919441,75.2,44.0,20.0,13.87,Clouds,few clouds
3445912,Turmalina,,BR,-17.285561,-42.73,75.9,45.0,32.0,7.02,Clouds,scattered clouds
3473149,Adolfo,,BR,-21.235001,-49.643608,78.8,39.0,40.0,5.82,Clouds,scattered clouds
3396009,Macaparana,,BR,-7.55472,-35.45306,77.86,79.0,28.0,13.89,Rain,light rain
3393762,Oeiras do Pará,,BR,-2.00306,-49.854439,90.19,50.0,21.0,6.17,Clouds,few clouds
3860059,Correa,,AR,-32.849159,-61.254742,63.64,59.0,0.0,11.41,Clear,clear sky
7874478,Carvoeira,,BR,-27.59898,-48.52618,74.34,64.0,20.0,14.99,Clouds,few clouds
3860199,Coronel Dorrego,,AR,-38.71867,-61.287319,58.21,40.0,39.0,15.48,Clouds,scattered clouds
3862515,Carrilobo,,AR,-31.872959,-63.117161,65.61,31.0,1.0,8.7,Clear,clear sky
3907080,Punata,,BO,-17.549999,-65.833328,73.4,16.0,41.0,4.41,Clouds,scattered clouds
6621197,Culpina,,BO,-20.770149,-64.679672,77.43,16.0,3.0,1.5,Clear,clear sky
3458193,Macieira,,BR,-26.85556,-51.378059,69.91,61.0,96.0,9.06,Clouds,overcast clouds
3403660,Campestre,,BR,-8.84583,-35.568062,79.68,73.0,46.0,10.54,Clouds,scattered clouds
3436030,Bernardo de Irigoyen,,AR,-26.255199,-53.645809,71.62,68.0,49.0,10.98,Clouds,scattered clouds
3393269,Palma,,BR,-9.65,-37.349998,81.19,68.0,48.0,13.15,Rain,light rain
6621257,Huata,,BO,-18.947371,-65.216988,71.02,18.0,54.0,2.55,Clouds,broken clouds
3436176,Partido de Balcarce,,AR,-37.75,-58.25,56.1,87.0,90.0,17.22,Clouds,overcast clouds
3461408,Ilhéus,,BR,-14.78889,-39.049438,76.03,88.0,82.0,4.29,Rain,moderate rain
3879750,Mirador,,CL,-27.35,-70.366669,68.0,40.0,60.0,12.75,Clouds,broken clouds
3847933,Las Parejas,,AR,-32.68478,-61.516369,62.37,52.0,0.0,7.85,Clear,clear sky
3471551,Arenápolis,,BR,-14.45028,-56.846111,90.84,34.0,26.0,6.33,Clouds,scattered clouds
3466436,Ceres,,BR,-15.30833,-49.598331,81.82,45.0,2.0,7.9,Clear,clear sky
3465196,Criciúma,,BR,-28.6775,-49.36972,82.06,46.0,100.0,2.37,Clouds,overcast clouds
3453683,Piquerobi,,BR,-21.8675,-51.728611,78.8,44.0,76.0,9.17,Clouds,broken clouds
3408096,Alagoas,,BR,-9.0,-36.0,80.6,78.0,75.0,10.29,Clouds,broken clouds
7302802,Rondebosch,,ZA,-33.963329,18.476391,66.92,40.0,0.0,4.7,Clear,clear sky
881345,Shamva,,ZW,-17.31159,31.575609,58.6,74.0,85.0,6.98,Clouds,overcast clouds
8068208,Balong Kulon,,ID,-6.735,111.378197,76.3,87.0,7.0,5.95,Clear,clear sky
8045983,Desa Saguling,,ID,-7.2977,108.355499,74.41,91.0,90.0,0.85,Rain,light rain
2148435,Staughton Vale,,AU,-37.849998,144.283325,51.37,100.0,93.0,8.05,Clouds,overcast clouds
2099101,Boroko,,PG,-9.46755,147.195816,77.0,88.0,20.0,18.34,Clouds,few clouds
1647005,Cibingbin,,ID,-7.0611,108.761902,75.33,89.0,83.0,6.96,Clouds,broken clouds
7406800,Klau,,ID,-8.336,114.988197,82.4,88.0,20.0,19.46,Clouds,few clouds
1106407,Avenues,,ZW,-17.81889,31.03944,52.02,79.0,89.0,8.37,Clouds,overcast clouds
1632334,Pariaman,,ID,-0.6189800000000001,100.119972,79.21,79.0,100.0,4.43,Rain,light rain
2169535,Dalby,,AU,-27.183331,151.266663,54.0,86.0,13.0,12.21,Clouds,few clouds
8054206,Citapen,,ID,-7.0657,108.475601,71.2,96.0,58.0,4.81,Clouds,broken clouds
984998,Ladysmith,,ZA,-28.553909,29.7827,48.24,81.0,96.0,2.33,Clouds,overcast clouds
924567,Nsanje District,,MW,-16.75,35.166672,64.92,79.0,32.0,7.87,Clouds,scattered clouds
7089390,Doma,,ID,-8.6846,121.327797,71.01,94.0,81.0,4.45,Rain,light rain
2176292,Bellingham,,AU,-41.01667,147.166672,44.42,93.0,100.0,8.05,Clouds,overcast clouds
152009,Nakatunguru,,TZ,-2.11667,33.066669,76.01,63.0,15.0,5.66,Clouds,few clouds
2189947,Himatangi,,NZ,-40.400002,175.316666,54.68,90.0,100.0,3.0,Rain,light rain
428219,Karuzi,,BI,-3.10608,30.17351,61.2,72.0,49.0,3.06,Clouds,scattered clouds
8023984,Gunungkawung,,ID,-7.3389,108.1493,72.57,92.0,88.0,1.72,Rain,light rain
1646889,Cidadap,,ID,-7.0167,106.566101,70.0,100.0,50.0,1.01,Rain,light rain
1640435,Kembang,,ID,-8.0105,113.963402,68.27,88.0,12.0,3.38,Clouds,few clouds
7847997,Gunungsulah,,ID,-7.60692,107.6521,79.27,79.0,12.0,11.05,Rain,light rain
7839485,Claremont,,AU,-31.98127,115.779419,50.16,100.0,73.0,6.51,Clouds,broken clouds
2148244,Stonor,,AU,-42.400002,147.383331,41.11,93.0,100.0,5.14,Clouds,overcast clouds
2154722,Nunamara,,AU,-41.383331,147.300003,44.51,93.0,100.0,8.05,Clouds,overcast clouds
2172754,Caliph,,AU,-34.666672,140.283325,48.0,76.0,1.0,7.0,Clear,clear sky
2142589,Yangan,,AU,-28.183331,152.199997,46.0,94.0,29.0,10.0,Clouds,scattered clouds
2145299,Vaucluse,,AU,-33.866669,151.283325,47.93,93.0,20.0,9.17,Clouds,few clouds
7036079,Celangap,,ID,-7.1373,111.725998,75.69,86.0,0.0,1.25,Clear,clear sky
2067951,Langhorne Creek,,AU,-35.299999,139.033325,55.0,68.0,0.0,5.99,Clear,clear sky
1627651,Sentul,,ID,-6.88154,112.430344,79.5,83.0,2.0,7.36,Rain,moderate rain
987202,Kriel,,ZA,-26.273911,29.2253,43.0,87.0,46.0,1.99,Clouds,scattered clouds
2174020,Brindabella,,AU,-35.400002,148.733337,35.31,92.0,12.0,1.57,Clouds,few clouds
7927989,Menol,,ID,-7.643,108.087898,74.59,92.0,62.0,5.17,Rain,light rain
1052373,Beira,,MZ,-19.843611,34.83889,68.0,94.0,90.0,8.05,Clouds,overcast clouds
434386,Province de Mwaro,,BI,-3.5,29.66667,56.03,85.0,59.0,3.18,Clouds,broken clouds
1627673,Senori,,ID,-6.8709,111.9589,78.44,83.0,5.0,5.93,Rain,light rain
186315,Molo,,KE,-0.2479,35.737431,50.88,97.0,36.0,1.19,Rain,light rain
7781161,Kaduronyok,,ID,-6.3731,105.960701,74.7,91.0,100.0,1.1,Clouds,overcast clouds
2167410,Emita,,AU,-40.0,147.899994,51.22,89.0,100.0,6.22,Clouds,overcast clouds
2078132,Drumsite,,CX,-10.43333,105.683327,77.0,83.0,90.0,13.87,Clouds,overcast clouds
2142207,Yundool,,AU,-36.26667,145.833328,45.84,100.0,53.0,4.7,Clouds,broken clouds
1644178,Genteng,,ID,-8.36667,114.150002,74.08,91.0,56.0,3.27,Rain,light rain
6640206,Wolli Creek,,AU,-33.931332,151.152222,47.3,93.0,20.0,9.17,Clouds,few clouds
176555,Kawambwa,,ZM,-9.7915,29.07913,61.32,51.0,2.0,4.03,Clear,clear sky
1645559,Demak,,ID,-6.8909,110.639603,77.86,83.0,7.0,2.84,Clear,clear sky
7037460,Krajan Satu,,ID,-8.1069,113.211403,74.68,83.0,23.0,1.63,Clouds,few clouds
7410878,Akarakar,,ID,-8.2214,116.342796,78.67,71.0,0.0,4.41,Clear,clear sky
6615520,Heyfield,,AU,-37.9813,146.785583,39.51,92.0,74.0,4.0,Clouds,broken clouds
2155591,Neilborough,,AU,-36.566669,144.233337,48.0,64.0,77.0,1.01,Clouds,broken clouds
2152563,Prenzlau,,AU,-27.533331,152.516663,55.18,93.0,40.0,5.82,Clouds,scattered clouds
2171693,Chelsea Heights,,AU,-38.033329,145.133331,52.72,85.0,87.0,4.0,Clouds,overcast clouds
2172312,Carinda,,AU,-30.466669,147.683334,56.68,72.0,44.0,11.27,Clouds,scattered clouds
8185272,Krajan Lor Gumelar,,ID,-8.2546,113.551498,73.2,90.0,11.0,1.07,Clouds,few clouds
939702,Williston,,ZA,-31.340481,20.91544,55.13,42.0,0.0,9.13,Clear,clear sky
8075129,Krajan Demit,,ID,-6.8933,111.689903,76.01,88.0,2.0,5.12,Clear,clear sky
2166794,Fentonbury,,AU,-42.650002,146.766663,36.01,85.0,100.0,1.19,Clouds,overcast clouds
934995,Manzini,,SZ,-26.48333,31.366671,55.92,93.0,83.0,4.7,Clouds,broken clouds
2173306,Bundanoon,,AU,-34.650002,150.300003,45.0,100.0,0.0,3.36,Clear,clear sky
8074744,Besowo,,ID,-6.8508,111.6558,76.03,88.0,2.0,5.66,Clear,clear sky
7104044,Sungayang,,ID,-0.40756000000000003,100.597183,70.12,92.0,90.0,1.43,Rain,moderate rain
2145984,Trunkey,,AU,-33.816669,149.333328,41.54,87.0,0.0,4.74,Clear,clear sky
2090136,Nadzab,,PG,-6.56729,146.739258,73.38,78.0,44.0,0.98,Clouds,scattered clouds
7406626,Klole,,ID,-8.0839,113.823799,72.75,84.0,34.0,2.8,Clouds,scattered clouds
8022559,Cianjur Kidul,,ID,-7.3911,108.217499,72.93,94.0,92.0,1.41,Rain,light rain
2153694,Patho,,AU,-36.033329,144.433334,53.01,84.0,68.0,10.31,Clouds,broken clouds
2176359,Belgian Gardens,,AU,-19.25,146.800003,66.11,77.0,76.0,5.82,Clouds,broken clouds
7429756,Madawat,,ID,-8.6274,122.2117,77.86,75.0,61.0,3.91,Clouds,broken clouds
2163017,Howard,,AU,-25.316669,152.566666,63.0,92.0,50.0,15.99,Clouds,scattered clouds
7409616,Mimbaan Timur,,ID,-7.699,114.029602,75.7,76.0,0.0,5.39,Clear,clear sky
2147139,Templestowe Lower,,AU,-37.76667,145.116669,53.85,81.0,87.0,11.41,Clouds,overcast clouds
7036126,Ketawang,,ID,-7.1657,111.625999,75.43,87.0,1.0,2.62,Clear,clear sky
7303939,Bujumbura Mairie Province,,BI,-3.3802,29.3547,72.97,62.0,58.0,4.16,Clouds,broken clouds
2155478,New Brighton,,AU,-28.51667,153.550003,57.02,72.0,90.0,12.75,Clouds,overcast clouds
7844422,Bojongsarung,,ID,-6.6224,106.386902,70.0,100.0,98.0,1.01,Clouds,overcast clouds
2176198,Bendemeer,,AU,-30.883329,151.166672,43.77,93.0,0.0,4.7,Clear,clear sky
967476,Orkney,,ZA,-26.98023,26.67272,50.74,53.0,0.0,3.44,Clear,clear sky
8052152,Jaga,,ID,-7.0451,108.268997,67.44,100.0,49.0,4.72,Rain,light rain
8080608,Krajan Sumberbening,,ID,-8.3334,112.542198,74.35,90.0,10.0,12.64,Rain,light rain
935612,Les Ramiers,,RE,-21.02186,55.536221,64.13,64.0,67.0,20.8,Clouds,broken clouds
400740,Coast Province,,KE,-3.0,39.5,75.22,70.0,44.0,13.31,Clouds,scattered clouds
2146205,Tarrawingee,,AU,-31.466669,141.483337,48.2,66.0,0.0,9.17,Clear,clear sky
2152597,Powranna,,AU,-41.666672,147.283325,44.35,93.0,100.0,8.05,Clouds,overcast clouds
7847588,Puncaksempur,,ID,-7.2747,106.838799,73.51,94.0,32.0,5.35,Rain,light rain
2170560,Coombell,,AU,-29.01667,152.966675,54.46,93.0,65.0,5.82,Clouds,broken clouds
2154544,Oatley,,AU,-33.98333,151.066666,46.81,93.0,20.0,9.17,Clouds,few clouds
7764791,Pangkalan,,ID,-6.5583,105.757401,78.76,85.0,100.0,6.11,Rain,light rain
2164352,Gulgong,,AU,-32.366669,149.533325,41.43,100.0,0.0,5.82,Clear,clear sky
2155533,Nerrena East,,AU,-38.51667,146.083328,42.93,88.0,100.0,3.62,Clouds,overcast clouds
2172125,Castlecrag,,AU,-33.799999,151.216675,47.19,93.0,20.0,9.17,Rain,light rain
2205994,Port Botany,,AU,-33.966671,151.216675,48.27,93.0,20.0,9.17,Clouds,few clouds
2173707,Bryans Gap,,AU,-29.033331,152.083328,46.0,94.0,75.0,10.0,Clouds,broken clouds
1635019,Montongsekar,,ID,-6.9489,111.880898,74.86,90.0,2.0,3.96,Rain,light rain
2152677,Porters Retreat,,AU,-34.0,149.816666,41.0,90.0,0.0,3.53,Clear,clear sky
2145969,Tubbul,,AU,-34.26667,147.983337,45.21,83.0,6.0,7.81,Clear,clear sky
1985663,Cikupa,,ID,-6.23639,106.508331,76.84,78.0,20.0,4.7,Haze,haze
2164855,Gorokan,,AU,-33.25742,151.511337,52.2,97.0,66.0,6.35,Clouds,broken clouds
1633297,Pagelaran,,ID,-6.433,105.857201,78.64,84.0,100.0,2.75,Clouds,overcast clouds
2172299,Carlisle River,,AU,-38.566669,143.383331,49.26,93.0,100.0,5.01,Clouds,overcast clouds
7334882,Angkahgede,,ID,-8.4635,115.0159,82.4,88.0,20.0,19.46,Clouds,few clouds
2149975,Seaford,,AU,-38.099998,145.133331,51.91,85.0,88.0,4.0,Clouds,overcast clouds
2176992,Bancroft,,AU,-24.783331,151.233337,58.46,91.0,45.0,9.78,Clouds,scattered clouds
1636007,Maronge,,ID,-8.6715,117.707001,75.63,84.0,12.0,7.54,Clouds,few clouds
7846858,Panggarangandesa,,ID,-6.90079,106.22084,70.0,100.0,97.0,1.01,Rain,light rain
2163334,Hodgleigh,,AU,-26.633329,151.933334,54.61,93.0,90.0,11.41,Clouds,overcast clouds
2058566,Wharminda,,AU,-33.950001,136.233337,56.03,39.0,14.0,15.12,Clouds,few clouds
158016,Kibara,,TZ,-2.15,33.450001,74.77,64.0,27.0,3.83,Clouds,scattered clouds
8054307,Sagalaherang,,ID,-7.1202,108.394203,69.17,100.0,65.0,3.22,Rain,light rain
2066756,Maylands,,AU,-31.933331,115.883331,49.87,93.0,75.0,9.17,Clouds,broken clouds
7921488,Cilolongokan,,ID,-7.0378,107.971199,70.38,89.0,14.0,3.69,Clouds,few clouds
8140981,Mentaras,,ID,-6.9816,112.446899,77.13,89.0,1.0,2.8,Rain,light rain
2061418,Smithfield,,AU,-34.683331,138.683334,55.36,64.0,0.0,10.0,Clear,clear sky
7920634,Bojongkalapa,,ID,-7.1862,107.955704,69.39,92.0,56.0,3.11,Rain,light rain
6385763,Kaliduren,,ID,-7.56028,109.098061,76.48,90.0,70.0,5.48,Rain,light rain
7911929,Paledang,,ID,-7.3096,107.790901,64.24,99.0,37.0,3.02,Clouds,scattered clouds
1646613,Cikijing,,ID,-7.0163,108.366501,69.96,96.0,46.0,5.14,Clouds,scattered clouds
2169145,Deer Park,,AU,-37.76667,144.783325,53.28,81.0,97.0,11.41,Clouds,overcast clouds
8024167,Sukamaju,,ID,-7.3709,108.227303,73.11,93.0,92.0,1.39,Rain,light rain
153759,Misungwi,,TZ,-2.85,33.083328,73.0,50.0,14.0,4.61,Clouds,few clouds
8052637,Binangun,,ID,-7.7191,108.474701,78.51,86.0,84.0,9.17,Rain,moderate rain
1627549,Serang,,ID,-6.1149000000000004,106.1502,80.29,78.0,20.0,4.7,Haze,haze
2070172,Hamel,,AU,-32.883331,115.916672,43.0,95.0,15.0,3.83,Clouds,few clouds
7753740,Gunungempuk,,ID,-6.9106000000000005,106.440102,70.0,100.0,74.0,1.01,Rain,light rain
7347303,Krajanpagowan,,ID,-8.1297,113.1213,72.5,83.0,37.0,0.45,Clouds,scattered clouds
1900608,Totok,,ID,-9.4828,119.306,68.52,92.0,0.0,4.9,Clear,clear sky
2158922,Mandalong,,AU,-33.133331,151.433334,52.21,97.0,61.0,3.89,Clouds,broken clouds
2165138,Gnotuk,,AU,-38.216671,143.116669,51.01,89.0,100.0,9.4,Clouds,overcast clouds
921772,Moroni,,KM,-11.70216,43.255058,75.63,68.0,25.0,14.41,Clouds,scattered clouds
2168068,Dunolly,,AU,-36.849998,143.733337,48.0,64.0,90.0,1.01,Clouds,overcast clouds
2166856,Farley,,AU,-32.73333,151.516663,45.72,100.0,90.0,4.7,Clouds,overcast clouds
7613741,Koanara,,ID,-8.7485,121.852097,66.76,89.0,91.0,0.04,Clouds,overcast clouds
7839699,Boorowa,,AU,-34.287899,148.842331,34.0,96.0,0.0,3.49,Clear,clear sky
2147149,Temora Municipality,,AU,-34.383141,147.479172,48.0,83.0,12.0,1.99,Clouds,few clouds
8183587,Dawang,,ID,-8.0353,111.414497,73.56,88.0,52.0,4.79,Clouds,broken clouds
2161798,Karumba,,AU,-17.48333,140.833328,75.2,60.0,7.0,6.93,Clear,clear sky
7766921,Kadulari,,ID,-6.5445,106.161201,70.0,100.0,99.0,1.01,Clouds,overcast clouds
2151006,Rothbury,,AU,-32.75,151.333328,43.66,98.0,57.0,1.79,Clouds,broken clouds
921687,Salimani,,KM,-11.80806,43.259171,76.28,69.0,22.0,16.08,Clouds,few clouds
2143440,Windaroo,,AU,-27.73333,153.199997,57.94,97.0,11.0,6.17,Clouds,few clouds
7839776,Uralla,,AU,-30.485479,151.354507,43.0,79.0,27.0,1.01,Clouds,scattered clouds
7376200,Banjar Triwangsakelusa,,ID,-8.4406,115.258202,82.4,88.0,20.0,19.46,Clouds,few clouds
2158310,McKinlay,,AU,-21.26667,141.300003,65.98,71.0,0.0,10.69,Clear,clear sky
8052810,Limusnunggal,,ID,-7.5039,108.402199,70.39,100.0,94.0,0.94,Rain,light rain
6943474,Athelstone,,AU,-34.869789,138.702881,56.64,50.0,0.0,16.11,Clear,clear sky
7839733,Hurstville,,AU,-33.96666,151.076096,46.94,93.0,20.0,9.17,Clouds,few clouds
2158221,Medlow Bath,,AU,-33.666672,150.283325,44.11,90.0,5.0,2.62,Clear,clear sky
7337319,Wate,,ID,-8.4988,120.9599,65.28,94.0,42.0,4.97,Clouds,scattered clouds
2160971,Kumbarilla,,AU,-27.316669,150.883331,54.0,86.0,0.0,9.64,Clear,clear sky
8058020,Kebonturi,,ID,-6.7589,111.184196,76.06,85.0,10.0,6.24,Clear,clear sky
1627794,Sempol,,ID,-8.0075,114.148903,63.9,100.0,4.0,4.5,Clear,clear sky
1005781,Elliot,,ZA,-31.33333,27.85,44.17,71.0,0.0,3.91,Clear,clear sky
156312,Kwakoa,,TZ,-3.76667,37.716671,72.72,61.0,94.0,5.19,Clouds,overcast clouds
2172989,Busbys Flat,,AU,-29.033331,152.800003,54.46,93.0,66.0,5.82,Clouds,broken clouds
922806,Kipushi,,CD,-11.76667,27.23333,56.98,60.0,0.0,2.77,Clear,clear sky
2142447,Yarrawonga,,AU,-36.01667,146.0,43.38,100.0,56.0,4.7,Clouds,broken clouds
7541337,Kelanabian,,ID,-8.7519,115.176903,82.4,88.0,20.0,19.46,Clouds,few clouds
7839389,Rockhampton,,AU,-22.884439,150.227158,60.8,77.0,40.0,6.93,Clouds,scattered clouds
1647082,Cibanten,,ID,-7.6941,108.402901,76.46,90.0,78.0,7.34,Rain,moderate rain
2181988,Takapau,,NZ,-40.033329,176.350006,55.0,92.0,100.0,8.99,Rain,moderate rain
7034696,Kaligentong,,ID,-8.2282,111.989899,75.79,89.0,18.0,10.56,Rain,light rain
6942529,Sunset Beach,,ZA,-33.853951,18.49231,67.01,40.0,0.0,4.7,Clear,clear sky
2174958,Bonalbo,,AU,-28.75,152.616669,54.19,93.0,73.0,5.82,Clouds,broken clouds
2164149,Guyra,,AU,-30.23333,151.666672,44.01,85.0,41.0,1.01,Clouds,scattered clouds
1624987,Tanjungagung,,ID,-3.93333,103.800003,73.53,89.0,100.0,2.91,Clouds,overcast clouds
2072985,Delamere,,AU,-35.583328,138.183334,55.99,60.0,21.0,13.0,Clouds,few clouds
2177039,Balnarring,,AU,-38.366669,145.133331,52.32,84.0,92.0,1.01,Clouds,overcast clouds
8045032,Cipicung,,ID,-7.505,108.300797,71.31,100.0,93.0,1.12,Rain,light rain
889191,Karoi,,ZW,-16.809931,29.692471,58.77,60.0,72.0,2.86,Clouds,broken clouds
2166517,Flagstone Creek,,AU,-27.616671,152.116669,48.99,91.0,17.0,3.0,Clouds,few clouds
938457,Wolmaransstad,,ZA,-27.197399,25.98311,48.11,57.0,0.0,8.21,Clear,clear sky
2142777,Wyee,,AU,-33.183331,151.483337,52.16,97.0,68.0,5.1,Clouds,broken clouds
2147724,Swifts Creek,,AU,-37.25,147.716675,43.05,82.0,69.0,5.19,Clouds,broken clouds
7884131,Singkup,,ID,-7.2634,107.270897,68.09,93.0,50.0,1.9,Rain,light rain
1646279,Cipari,,ID,-7.4391,108.763496,75.11,93.0,77.0,2.06,Rain,light rain
2173125,Burnie,,AU,-41.066669,145.916672,48.54,87.0,100.0,3.0,Clouds,overcast clouds
2168977,Devereux Creek,,AU,-21.116671,148.916672,66.2,82.0,75.0,12.75,Clouds,broken clouds
2566086,Tsiémé-Mandiélé,,CG,-4.22694,15.2875,79.88,69.0,52.0,4.7,Clouds,broken clouds
2141004,Houaïlou,,NC,-21.286501,165.634354,67.87,86.0,96.0,9.01,Clouds,overcast clouds
2172582,Campbelltown South,,AU,-34.099998,150.816666,44.8,92.0,1.0,1.99,Clear,clear sky
7036579,Jrebeng,,ID,-7.0051,112.466202,76.78,90.0,1.0,1.99,Rain,light rain
7839346,Maranoa,,AU,-26.392891,148.430984,54.43,91.0,18.0,11.45,Clouds,few clouds
3355624,Maltahöhe,,NA,-24.83333,16.98333,59.76,33.0,0.0,10.22,Clear,clear sky
3360687,Table View,,ZA,-33.81913,18.4881,66.54,40.0,0.0,4.7,Clear,clear sky
2398073,Mouila,,GA,-1.8684600000000002,11.05594,80.31,74.0,66.0,0.51,Rain,light rain
2176846,Barkers Creek,,AU,-37.01667,144.25,48.31,64.0,79.0,1.01,Clouds,broken clouds
7414497,Jeong,,ID,-8.5852,120.230202,68.47,91.0,77.0,2.95,Clouds,broken clouds
7839532,Boroondara,,AU,-37.826401,145.052994,53.89,81.0,92.0,11.41,Clouds,overcast clouds
2077347,Balaklava,,AU,-34.150002,138.416672,46.0,75.0,0.0,12.53,Clear,clear sky
2158156,Melrose,,AU,-41.23333,146.300003,46.22,85.0,100.0,1.99,Clouds,overcast clouds
3370221,Banghoek,,ZA,-33.916672,18.91667,68.34,40.0,0.0,4.7,Clear,clear sky
8079245,Sukorejo,,ID,-8.2754,112.360802,73.18,91.0,4.0,10.6,Clear,clear sky
7839750,Marrickville,,AU,-33.910412,151.155075,47.43,87.0,20.0,8.05,Rain,light rain
8025859,Ciomas,,ID,-7.1783,108.169098,71.6,92.0,72.0,2.68,Rain,light rain
2149918,Sedgwick,,AU,-36.883331,144.316666,48.0,64.0,78.0,1.01,Clouds,broken clouds
2154747,Nullawarre,,AU,-38.466671,142.766663,51.01,89.0,100.0,10.67,Clouds,overcast clouds
2161845,Karangi,,AU,-30.26667,153.050003,55.36,93.0,90.0,8.05,Clouds,overcast clouds
2154386,Olinda,,AU,-37.849998,145.366669,53.35,86.0,84.0,1.99,Clouds,broken clouds
8053851,Cibeta,,ID,-7.3502,108.473198,75.13,91.0,88.0,0.78,Rain,light rain
7761536,Gintung Utara,,ID,-6.7298,105.9785,75.33,92.0,100.0,2.8,Rain,light rain
921703,Patsi,,KM,-12.15556,44.437222,71.55,81.0,46.0,13.27,Clouds,scattered clouds
8070097,Sukanagara,,ID,-7.4039,108.655701,75.49,92.0,83.0,1.77,Rain,light rain
2154850,North Tumbulgum,,AU,-28.25,153.449997,59.32,87.0,90.0,9.17,Clouds,overcast clouds
2177481,Austins Ferry,,AU,-42.76667,147.25,38.61,86.0,100.0,7.0,Clouds,overcast clouds
2161837,Kardella South,,AU,-38.450001,145.883331,44.49,91.0,97.0,3.71,Clouds,overcast clouds
935106,Darkton,,SZ,-26.23333,31.033331,45.32,97.0,99.0,3.0,Rain,light rain
2172132,Casterton,,AU,-37.583328,141.399994,48.2,81.0,100.0,16.11,Clouds,overcast clouds
8042176,Kebonkaret,,ID,-7.0558,107.159103,64.33,100.0,59.0,1.05,Clouds,broken clouds
2156345,Mulgoa,,AU,-33.833328,150.666672,45.7,89.0,0.0,2.44,Clear,clear sky
2156652,Mount Evelyn,,AU,-37.783329,145.383331,53.22,86.0,83.0,1.99,Clouds,broken clouds
7081683,Bacem,,ID,-8.1946,112.232071,75.29,86.0,5.0,8.46,Clear,clear sky
7688415,Cipari,,ID,-7.537,108.801201,75.85,92.0,77.0,2.46,Rain,light rain
7839466,Victor Harbor,,AU,-35.516048,138.546097,55.35,60.0,7.0,13.0,Clear,clear sky
7850044,Datarnangka,,ID,-7.1994,106.848,72.39,95.0,40.0,3.15,Rain,light rain
160961,Bukoba,,TZ,-1.33167,31.81222,75.2,60.0,10.0,11.41,Clear,clear sky
952865,Springs,,ZA,-26.25,28.4,44.56,65.0,9.0,11.41,Clear,clear sky
7081692,Klampok,,ID,-8.18198,112.194778,75.11,87.0,8.0,8.25,Clear,clear sky
8041353,Gunungbatu,,ID,-7.2519,107.164001,72.37,88.0,54.0,1.1,Rain,light rain
8185452,Sumberan,,ID,-8.342600000000001,113.606003,75.65,86.0,11.0,5.23,Clouds,few clouds
2173976,Broadford,,AU,-37.200001,145.066666,51.1,80.0,77.0,8.99,Clouds,broken clouds
2146268,Toowoomba,,AU,-27.549999,151.966675,50.07,93.0,23.0,8.05,Clouds,few clouds
7783025,Tajur,,ID,-6.5294,106.077698,70.0,100.0,99.0,1.01,Clouds,overcast clouds
2170528,Coonawarra,,AU,-37.299999,140.816666,48.2,81.0,96.0,16.11,Clouds,overcast clouds
2160246,Liffey,,AU,-41.666672,146.899994,44.47,93.0,100.0,8.05,Clouds,overcast clouds
2174360,Box Hill,,AU,-37.818871,145.125443,53.65,78.0,87.0,6.29,Clouds,overcast clouds
8023864,Sukasari,,ID,-7.3258,108.232201,73.31,92.0,93.0,1.41,Rain,light rain
1053384,Toamasina,,MG,-18.16667,49.383331,68.0,88.0,40.0,13.87,Rain,shower rain
8058273,Pasucen,,ID,-6.6579,111.051804,76.68,84.0,7.0,4.52,Clear,clear sky
928657,Karonga District,,MW,-10.11153,33.881512,63.14,80.0,2.0,2.71,Clear,clear sky
2156894,Moriarty Road,,AU,-41.216671,146.483337,46.0,95.0,100.0,3.71,Clouds,overcast clouds
2184975,Papamoa,,NZ,-37.73333,176.300003,56.05,87.0,99.0,11.99,Rain,light rain
2160882,Kynuna,,AU,-21.58333,141.899994,65.34,72.0,0.0,12.35,Clear,clear sky
2154795,Nowa Nowa,,AU,-37.716671,148.100006,44.17,82.0,71.0,3.71,Clouds,broken clouds
7035853,Ngroto,,ID,-7.1257,111.6054,75.4,87.0,1.0,3.06,Clear,clear sky
8053009,Bojongmalang,,ID,-7.3984,108.462997,75.49,91.0,91.0,0.81,Rain,light rain
7782362,Parakanlima,,ID,-6.6319,106.107697,70.0,100.0,100.0,1.01,Rain,light rain
3348078,Cuito,,AO,-12.38333,16.933331,57.36,44.0,0.0,3.65,Clear,clear sky
7086994,Banjar Geriana Kangin,,ID,-8.4335,115.501198,82.4,88.0,20.0,19.46,Clouds,few clouds
1106642,Belle Mare,,MU,-20.195,57.76833,71.29,68.0,75.0,10.29,Clouds,broken clouds
8022873,Pasir,,ID,-7.4742,108.183601,73.54,93.0,88.0,1.48,Rain,light rain
2188540,Lake Coleridge,,NZ,-43.366669,171.533325,38.66,93.0,100.0,1.01,Rain,light rain
152169,Mwembe,,TZ,-4.15,37.849998,67.01,74.0,60.0,6.71,Clouds,broken clouds
7410441,Beleka Satu,,ID,-8.7423,116.403297,73.65,88.0,2.0,2.53,Clear,clear sky
8023877,Cihideung Satu,,ID,-7.2845,108.232697,72.7,92.0,94.0,1.45,Rain,light rain
964349,Potchefstroom,,ZA,-26.716669,27.1,49.24,54.0,4.0,4.32,Clear,clear sky
8183651,Munung,,ID,-8.0294,111.4627,75.24,84.0,56.0,5.14,Clouds,broken clouds
1975643,Apala,,ID,-4.6125,120.313599,77.09,89.0,82.0,6.82,Rain,light rain
1969936,Raci Kulon,,ID,-7.0005,112.542503,77.32,89.0,0.0,3.18,Rain,light rain
7281807,Hoppers Crossing,,AU,-37.882641,144.700302,53.6,81.0,99.0,11.41,Clouds,overcast clouds
7557026,Ombakamia,,ID,-9.5224,119.303703,67.59,94.0,0.0,4.34,Clear,clear sky
